# Blender 4.3.0
# www.blender.org
mtllib Human.mtl
o Low_Poly_Characte.000
v 1.573867 0.413923 -0.049252
v -1.573867 0.413923 -0.049252
v 1.553780 0.422734 0.056789
v -1.553780 0.422734 0.056789
v 1.488981 0.410535 0.144439
v -1.488981 0.410535 0.144439
v 1.386187 0.362900 0.140634
v -1.386187 0.362900 0.140634
v 1.347788 0.344983 0.052655
v -1.347788 0.344983 0.052655
v 1.362027 0.347298 -0.106854
v -1.362027 0.347298 -0.106854
v 1.429732 0.358709 -0.165369
v -1.429732 0.358709 -0.165369
v 1.527430 0.400830 -0.135674
v -1.527430 0.400830 -0.135674
v 1.038358 1.131131 -0.350100
v -1.038358 1.131131 -0.350100
v 0.974424 1.044022 -0.350125
v -0.974424 1.044022 -0.350125
v 0.908775 1.018782 -0.294083
v -0.908775 1.018782 -0.294083
v 1.441021 0.578721 -0.133824
v -1.441021 0.578721 -0.133824
v 1.366058 0.515124 -0.173491
v -1.366058 0.515124 -0.173491
v 1.293619 0.477037 -0.161449
v -1.293619 0.477037 -0.161449
v 1.274109 0.488708 -0.071363
v -1.274109 0.488708 -0.071363
v 1.295525 0.522859 0.018627
v -1.295525 0.522859 0.018627
v 1.356551 0.568922 0.058513
v -1.356551 0.568922 0.058513
v 1.454271 0.617852 0.027037
v -1.454271 0.617852 0.027037
v 1.470909 0.608390 -0.055258
v -1.470909 0.608390 -0.055258
v 1.210990 0.973119 -0.327437
v -1.210990 0.973119 -0.327437
v 1.103908 0.890350 -0.354478
v -1.103908 0.890350 -0.354478
v 1.010423 0.825288 -0.298061
v -1.010423 0.825288 -0.298061
v 1.017764 0.779591 -0.191223
v -1.017764 0.779591 -0.191223
v 1.063214 0.785211 -0.064001
v -1.063214 0.785211 -0.064001
v 1.148617 0.859157 -0.008617
v -1.148617 0.859157 -0.008617
v 1.235853 0.973663 -0.031340
v -1.235853 0.973663 -0.031340
v 1.255357 1.035403 -0.161899
v -1.255357 1.035403 -0.161899
v 0.841572 1.195830 0.026837
v -0.841572 1.195830 0.026837
v 0.773748 1.152964 -0.060347
v -0.773748 1.152964 -0.060347
v 0.753263 1.154457 -0.217716
v -0.753263 1.154457 -0.217716
v 0.943639 1.267539 -0.006783
v -0.943639 1.267539 -0.006783
v 0.975760 1.322027 -0.129122
v -0.975760 1.322027 -0.129122
v 0.807641 1.220910 -0.343291
v -0.807641 1.220910 -0.343291
v 0.890011 1.291562 -0.371747
v -0.890011 1.291562 -0.371747
v 0.954854 1.328147 -0.284706
v -0.954854 1.328147 -0.284706
v 1.060206 1.169218 -0.234994
v -1.060206 1.169218 -0.234994
v 1.071296 1.162321 -0.128028
v -1.071296 1.162321 -0.128028
v 1.018862 1.107764 -0.065935
v -1.018862 1.107764 -0.065935
v 0.953917 1.060456 -0.067120
v -0.953917 1.060456 -0.067120
v 0.901760 1.034464 -0.141812
v -0.901760 1.034464 -0.141812
v 0.860041 1.068242 -0.274015
v -0.860041 1.068242 -0.274015
v 0.900480 1.133020 -0.339348
v -0.900480 1.133020 -0.339348
v 0.992001 1.180013 -0.331191
v -0.992001 1.180013 -0.331191
v 0.660506 1.515279 -0.333408
v -0.660506 1.515279 -0.333408
v 0.616002 1.379718 -0.276377
v -0.616002 1.379718 -0.276377
v 0.597841 1.326270 -0.102293
v -0.597841 1.326270 -0.102293
v 0.603561 1.379708 0.035392
v -0.603561 1.379708 0.035392
v 0.634493 1.483600 0.092423
v -0.634493 1.483600 0.092423
v 0.703360 1.664700 0.035392
v -0.703360 1.664700 0.035392
v 0.754816 1.653582 -0.102293
v -0.754816 1.653582 -0.102293
v 0.715379 1.651536 -0.261692
v -0.715379 1.651536 -0.261692
v 0.612603 1.764422 -0.272232
v -0.612603 1.764422 -0.272232
v 0.668155 1.822523 -0.118531
v -0.668155 1.822523 -0.118531
v 0.612603 1.764422 0.035169
v -0.612603 1.764422 0.035169
v 0.554032 1.559545 0.098834
v -0.554032 1.559545 0.098834
v 0.566469 1.411401 0.035169
v -0.566469 1.411401 0.035169
v 0.569023 1.330721 -0.118531
v -0.569023 1.330721 -0.118531
v 0.566469 1.411401 -0.272232
v -0.566469 1.411401 -0.272232
v 0.554032 1.559545 -0.335897
v -0.554032 1.559545 -0.335897
v 0.473409 1.567844 -0.369148
v -0.473409 1.567844 -0.369148
v 0.422828 1.795843 -0.318782
v -0.422828 1.795843 -0.318782
v 0.454154 1.852121 -0.126344
v -0.454154 1.852121 -0.126344
v 0.425327 1.798944 0.055480
v -0.425327 1.798944 0.055480
v 0.508123 1.388662 -0.330944
v -0.508123 1.388662 -0.330944
v 0.548959 1.299325 -0.108057
v -0.548959 1.299325 -0.108057
v 0.521303 1.383652 0.132084
v -0.521303 1.383652 0.132084
v 0.389518 0.491695 -0.101764
v -0.389518 0.491695 -0.101764
v 0.373366 0.440955 0.286943
v -0.373366 0.440955 0.286943
v 0.393203 0.791979 -0.080587
v -0.393203 0.791979 -0.080587
v 0.393203 0.847165 0.285867
v -0.393203 0.847165 0.285867
v 0.457232 1.291287 0.144989
v -0.457232 1.291287 0.144989
v 0.429649 1.169786 -0.277565
v -0.429649 1.169786 -0.277565
v 0.000000 0.550325 -0.208824
v 0.000000 0.371955 0.418999
v 0.000000 0.839270 -0.219080
v 0.000000 0.970122 0.416026
v 0.000000 1.326003 0.424064
v 0.000000 1.133156 -0.400351
v 0.462639 0.498425 0.100255
v -0.462639 0.498425 0.100255
v 0.443938 0.802760 0.113018
v -0.443938 0.802760 0.113018
v 0.535038 1.197272 -0.054333
v -0.535038 1.197272 -0.054333
v 0.166554 0.539405 -0.184627
v -0.166554 0.539405 -0.184627
v 0.200760 0.389297 0.382563
v -0.200760 0.389297 0.382563
v 0.203178 0.811494 -0.217310
v -0.203178 0.811494 -0.217310
v 0.238250 0.938054 0.387791
v -0.238250 0.938054 0.387791
v 0.276454 1.273475 0.325749
v -0.276454 1.273475 0.325749
v 0.240137 1.134935 -0.384779
v -0.240137 1.134935 -0.384779
v 0.423615 1.119707 0.227161
v -0.423615 1.119707 0.227161
v 0.409105 1.016811 -0.177308
v -0.409105 1.016811 -0.177308
v 0.000000 1.223632 0.434814
v 0.000000 0.974134 -0.299035
v 0.496189 1.066339 0.003394
v -0.496189 1.066339 0.003394
v 0.261303 1.184562 0.384339
v -0.261303 1.184562 0.384339
v 0.227513 0.986526 -0.325389
v -0.227513 0.986526 -0.325389
v 0.378527 0.637687 -0.072290
v -0.378527 0.637687 -0.072290
v 0.378527 0.625921 0.284782
v -0.378527 0.625921 0.284782
v 0.000000 0.642939 0.433947
v 0.000000 0.679844 -0.184120
v 0.444774 0.623398 0.105104
v -0.444774 0.623398 0.105104
v 0.213107 0.640614 0.382819
v -0.213107 0.640614 0.382819
v 0.181244 0.660489 -0.183135
v -0.181244 0.660489 -0.183135
v 0.276454 1.396204 0.343860
v -0.276454 1.396204 0.343860
v 0.000000 1.428898 0.445986
v 0.305974 1.871425 0.036972
v -0.305974 1.871425 0.036972
v 0.000000 1.800298 0.150597
v 0.174833 1.820286 0.111875
v -0.174833 1.820286 0.111875
v 0.254032 1.311039 -0.429081
v -0.254032 1.311039 -0.429081
v 0.000000 1.311677 -0.444742
v 0.235179 1.715520 0.193199
v -0.235179 1.715520 0.193199
v 0.000000 1.704093 0.241744
v 0.358434 1.901560 -0.130081
v -0.358434 1.901560 -0.130081
v 0.497805 1.562340 0.140906
v -0.497805 1.562340 0.140906
v 0.269663 1.564829 0.275348
v -0.269663 1.564829 0.275348
v 0.000000 1.573640 0.353172
v 0.304139 1.902501 -0.245186
v -0.304139 1.902501 -0.245186
v 0.000000 1.743114 -0.389708
v 0.000000 1.882326 -0.299710
v 0.233291 1.767035 -0.360779
v -0.233291 1.767035 -0.360779
v 0.158883 1.891530 -0.285772
v -0.158883 1.891530 -0.285772
v 0.000000 1.565349 -0.424326
v 0.249013 1.571260 -0.410413
v -0.249013 1.571260 -0.410413
v 1.331798 0.218464 0.107883
v -1.331798 0.218464 0.107883
v 1.345591 0.225981 0.199766
v -1.345591 0.225981 0.199766
v 1.358749 -0.054495 0.235173
v -1.358749 -0.054495 0.235173
v 1.351082 -0.052023 0.166805
v -1.351082 -0.052023 0.166805
v 1.412645 -0.043512 0.158805
v -1.412645 -0.043512 0.158805
v 1.423375 -0.042272 0.224312
v -1.423375 -0.042272 0.224312
v 1.452023 0.176458 0.205972
v -1.452023 0.176458 0.205972
v 1.433640 0.175198 0.093035
v -1.433640 0.175198 0.093035
v 1.482122 0.284619 0.184127
v -1.482122 0.284619 0.184127
v 1.592600 0.355557 -0.133348
v -1.592600 0.355557 -0.133348
v 1.528586 0.294268 -0.149629
v -1.528586 0.294268 -0.149629
v 1.494989 0.254524 -0.116778
v -1.494989 0.254524 -0.116778
v 1.547947 0.346598 0.139960
v -1.547947 0.346598 0.139960
v 1.592048 0.355416 0.053345
v -1.592048 0.355416 0.053345
v 1.620441 0.354215 -0.058036
v -1.620441 0.354215 -0.058036
v 1.705108 0.141987 0.146502
v -1.705108 0.141987 0.146502
v 1.641438 0.141293 0.242547
v -1.641438 0.141293 0.242547
v 1.730564 -0.194091 0.240770
v -1.730564 -0.194091 0.240770
v 1.777960 -0.185586 0.172710
v -1.777960 -0.185586 0.172710
v 1.709982 -0.176835 0.133961
v -1.709982 -0.176835 0.133961
v 1.663207 -0.187585 0.198070
v -1.663207 -0.187585 0.198070
v 1.561970 0.079861 0.196383
v -1.561970 0.079861 0.196383
v 1.629771 0.077055 0.103203
v -1.629771 0.077055 0.103203
v 1.664429 0.086508 0.005259
v -1.664429 0.086508 0.005259
v 1.748691 0.155692 0.050419
v -1.748691 0.155692 0.050419
v 1.329926 0.067452 0.168238
v -1.329926 0.067452 0.168238
v 1.340028 0.081804 0.232267
v -1.340028 0.081804 0.232267
v 1.432359 0.082915 0.221930
v -1.432359 0.082915 0.221930
v 1.419075 0.071022 0.157978
v -1.419075 0.071022 0.157978
v 1.469967 0.236683 -0.015206
v -1.469967 0.236683 -0.015206
v 1.749326 0.177026 -0.078732
v -1.749326 0.177026 -0.078732
v 1.677931 0.110957 -0.095063
v -1.677931 0.110957 -0.095063
v 1.668432 0.146482 -0.161564
v -1.668432 0.146482 -0.161564
v 1.720673 0.195101 -0.152622
v -1.720673 0.195101 -0.152622
v 1.561780 0.212956 0.213337
v -1.561780 0.212956 0.213337
v 1.506997 0.128160 0.201178
v -1.506997 0.128160 0.201178
v 1.626528 0.244293 0.143231
v -1.626528 0.244293 0.143231
v 1.670369 0.255554 0.051882
v -1.670369 0.255554 0.051882
v 1.531705 0.126127 0.098119
v -1.531705 0.126127 0.098119
v 1.557449 0.171715 0.014343
v -1.557449 0.171715 0.014343
v 1.600929 0.220095 -0.163904
v -1.600929 0.220095 -0.163904
v 1.594010 0.176448 -0.112353
v -1.594010 0.176448 -0.112353
v 1.660895 0.278601 -0.150870
v -1.660895 0.278601 -0.150870
v 1.687520 0.267059 -0.066359
v -1.687520 0.267059 -0.066359
v 1.687821 0.043315 0.251977
v -1.687821 0.043315 0.251977
v 1.717859 -0.068672 0.253777
v -1.717859 -0.068672 0.253777
v 1.740686 0.048406 0.171634
v -1.740686 0.048406 0.171634
v 1.767153 -0.062127 0.179036
v -1.767153 -0.062127 0.179036
v 1.696070 -0.081202 0.134064
v -1.696070 -0.081202 0.134064
v 1.670055 -0.002445 0.132086
v -1.670055 -0.002445 0.132086
v 1.644442 -0.085960 0.206951
v -1.644442 -0.085960 0.206951
v 1.618630 -0.003196 0.205297
v -1.618630 -0.003196 0.205297
v 1.673399 0.007236 0.104521
v -1.673399 0.007236 0.104521
v 1.686365 -0.094196 0.092924
v -1.686365 -0.094196 0.092924
v 1.689584 0.020109 0.023258
v -1.689584 0.020109 0.023258
v 1.706862 -0.086082 0.013939
v -1.706862 -0.086082 0.013939
v 1.790610 -0.079661 0.031316
v -1.790610 -0.079661 0.031316
v 1.773045 0.064437 0.040453
v -1.773045 0.064437 0.040453
v 1.771687 -0.089579 0.114543
v -1.771687 -0.089579 0.114543
v 1.752484 0.049938 0.130607
v -1.752484 0.049938 0.130607
v 1.676853 -0.198424 0.077309
v -1.676853 -0.198424 0.077309
v 1.695063 -0.186848 0.005236
v -1.695063 -0.186848 0.005236
v 1.769585 -0.206957 0.016428
v -1.769585 -0.206957 0.016428
v 1.753009 -0.219070 0.094215
v -1.753009 -0.219070 0.094215
v 1.685707 0.032253 0.011416
v -1.685707 0.032253 0.011416
v 1.684322 -0.054873 -0.003246
v -1.684322 -0.054873 -0.003246
v 1.693921 0.046511 -0.082301
v -1.693921 0.046511 -0.082301
v 1.699255 -0.040360 -0.089420
v -1.699255 -0.040360 -0.089420
v 1.780230 -0.073530 -0.090455
v -1.780230 -0.073530 -0.090455
v 1.780724 0.082014 -0.077005
v -1.780724 0.082014 -0.077005
v 1.767126 -0.086887 -0.001651
v -1.767126 -0.086887 -0.001651
v 1.773393 0.064651 0.025532
v -1.773393 0.064651 0.025532
v 1.666206 -0.160837 -0.020165
v -1.666206 -0.160837 -0.020165
v 1.680379 -0.152011 -0.100128
v -1.680379 -0.152011 -0.100128
v 1.756750 -0.166768 -0.098267
v -1.756750 -0.166768 -0.098267
v 1.744442 -0.176638 -0.014500
v -1.744442 -0.176638 -0.014500
v 1.669675 -0.115699 -0.127028
v -1.669675 -0.115699 -0.127028
v 1.661240 -0.105004 -0.197220
v -1.661240 -0.105004 -0.197220
v 1.604831 -0.077177 -0.179802
v -1.604831 -0.077177 -0.179802
v 1.611134 -0.086404 -0.112197
v -1.611134 -0.086404 -0.112197
v 1.752927 0.073517 -0.102376
v -1.752927 0.073517 -0.102376
v 1.719205 -0.030126 -0.119836
v -1.719205 -0.030126 -0.119836
v 1.736312 0.092047 -0.183942
v -1.736312 0.092047 -0.183942
v 1.710385 -0.016041 -0.195651
v -1.710385 -0.016041 -0.195651
v 1.646070 0.008776 -0.176045
v -1.646070 0.008776 -0.176045
v 1.662362 0.079857 -0.169132
v -1.662362 0.079857 -0.169132
v 1.652049 -0.005291 -0.103267
v -1.652049 -0.005291 -0.103267
v 1.675408 0.064140 -0.091975
v -1.675408 0.064140 -0.091975
v 0.836934 1.567100 -0.100926
v -0.836934 1.567100 -0.100926
v 0.651664 1.272064 -0.022327
v -0.651664 1.272064 -0.022327
v 0.812902 1.485718 0.024268
v -0.812902 1.485718 0.024268
v 0.749772 1.492249 -0.341699
v -0.749772 1.492249 -0.341699
v 0.674541 1.369731 -0.309180
v -0.674541 1.369731 -0.309180
v 0.716806 1.354378 0.062407
v -0.716806 1.354378 0.062407
v 0.628874 1.264415 -0.179898
v -0.628874 1.264415 -0.179898
v 0.812861 1.565298 -0.256845
v -0.812861 1.565298 -0.256845
v 0.109203 1.957490 -0.260700
v -0.109203 1.957490 -0.260700
v 0.000000 1.960013 -0.273955
v 0.198413 1.956256 -0.227339
v -0.198413 1.956256 -0.227339
v 0.228411 1.955625 -0.121380
v -0.228411 1.955625 -0.121380
v 0.122089 1.881509 0.054271
v -0.122089 1.881509 0.054271
v 0.000000 1.863662 0.080219
v 0.199896 1.930086 0.003710
v -0.199896 1.930086 0.003710
v 0.194743 2.130185 -0.101803
v -0.194743 2.130185 -0.101803
v 0.164746 2.135532 -0.183233
v -0.164746 2.135532 -0.183233
v 0.000000 2.141177 -0.233623
v 0.075025 2.137464 -0.215275
v -0.075025 2.137464 -0.215275
v 0.091443 2.076461 0.198104
v -0.091443 2.076461 0.198104
v 0.000000 2.055760 0.244443
v 0.176564 2.119373 0.074640
v -0.176564 2.119373 0.074640
v 0.152482 2.135826 0.186891
v -0.152482 2.135826 0.186891
v 0.000000 2.099943 0.271633
v 0.094975 2.114359 0.231579
v -0.094975 2.114359 0.231579
v 0.082151 2.270203 0.240265
v -0.082151 2.270203 0.240265
v 0.000000 2.252297 0.277814
v 0.182222 2.293029 0.159387
v -0.182222 2.293029 0.159387
v 0.093273 2.316102 0.227684
v -0.093273 2.316102 0.227684
v 0.043908 2.332457 0.245487
v -0.043908 2.332457 0.245487
v 0.000000 2.269026 0.280171
v 0.045582 2.275282 0.253446
v -0.045582 2.275282 0.253446
v 0.027513 2.295696 0.307431
v -0.027513 2.295696 0.307431
v 0.000000 2.289895 0.323685
v 0.000000 2.349504 0.301722
v 0.027891 2.348414 0.287795
v -0.027891 2.348414 0.287795
v 0.036825 2.285264 0.283094
v -0.036825 2.285264 0.283094
v 0.000000 2.277186 0.304961
v 0.037076 2.339918 0.264180
v -0.037076 2.339918 0.264180
v 0.037838 2.402714 0.222975
v -0.037838 2.402714 0.222975
v 0.028801 2.408781 0.258295
v -0.028801 2.408781 0.258295
v 0.000000 2.409871 0.272222
v 0.053794 2.367057 0.229464
v -0.053794 2.367057 0.229464
v 0.102739 2.353552 0.210387
v -0.102739 2.353552 0.210387
v 0.000000 2.480310 0.278778
v 0.036541 2.480109 0.264850
v -0.036541 2.480109 0.264850
v 0.051861 2.454695 0.255625
v -0.051861 2.454695 0.255625
v 0.107858 2.450488 0.229576
v -0.107858 2.450488 0.229576
v 0.106194 2.477782 0.231972
v -0.106194 2.477782 0.231972
v 0.171960 2.468839 0.183149
v -0.171960 2.468839 0.183149
v 0.150899 2.442813 0.184865
v -0.150899 2.442813 0.184865
v 0.168937 2.412508 0.153282
v -0.168937 2.412508 0.153282
v 0.182604 2.419018 0.129571
v -0.182604 2.419018 0.129571
v 0.178877 2.357796 0.145430
v -0.178877 2.357796 0.145430
v 0.159460 2.375547 0.164963
v -0.159460 2.375547 0.164963
v 0.163234 2.197507 0.169021
v -0.163234 2.197507 0.169021
v 0.129224 2.184231 0.210039
v -0.129224 2.184231 0.210039
v 0.233077 2.404207 -0.028416
v -0.233077 2.404207 -0.028416
v 0.226982 2.340226 -0.022775
v -0.226982 2.340226 -0.022775
v 0.215969 2.262511 -0.036932
v -0.215969 2.262511 -0.036932
v 0.242357 2.257791 -0.107729
v -0.242357 2.257791 -0.107729
v 0.280199 2.369331 -0.169401
v -0.280199 2.369331 -0.169401
v 0.272553 2.437834 -0.131367
v -0.272553 2.437834 -0.131367
v 0.097832 2.399402 0.192795
v -0.097832 2.399402 0.192795
v 0.247229 2.444560 -0.153540
v -0.247229 2.444560 -0.153540
v 0.255116 2.376836 -0.191931
v -0.255116 2.376836 -0.191931
v 0.222654 2.265362 -0.129670
v -0.222654 2.265362 -0.129670
v 0.186361 2.273129 -0.089599
v -0.186361 2.273129 -0.089599
v 0.207734 2.349690 -0.107832
v -0.207734 2.349690 -0.107832
v 0.211725 2.415639 -0.093122
v -0.211725 2.415639 -0.093122
v 0.213008 2.336540 -0.005119
v -0.213008 2.336540 -0.005119
v 0.219299 2.414683 -0.010625
v -0.219299 2.414683 -0.010625
v 0.198693 2.242584 -0.022852
v -0.198693 2.242584 -0.022852
v 0.218052 2.431035 -0.085887
v -0.218052 2.431035 -0.085887
v 0.198480 2.356750 -0.124189
v -0.198480 2.356750 -0.124189
v 0.182348 2.249051 -0.093566
v -0.182348 2.249051 -0.093566
v 0.194537 2.310905 0.056886
v -0.194537 2.310905 0.056886
v 0.195046 2.380550 0.058094
v -0.195046 2.380550 0.058094
v 0.187127 2.215842 0.076051
v -0.187127 2.215842 0.076051
v 0.135267 1.982386 0.047116
v -0.135267 1.982386 0.047116
v 0.176907 2.115775 -0.027887
v -0.176907 2.115775 -0.027887
v 0.176564 2.144287 -0.005411
v -0.176564 2.144287 -0.005411
v 0.088496 2.056309 0.098646
v -0.088496 2.056309 0.098646
v 0.073314 1.971552 0.093854
v -0.073314 1.971552 0.093854
v 0.061312 1.914548 0.067628
v -0.061312 1.914548 0.067628
v 0.000000 2.043974 0.117840
v 0.000000 1.892072 0.072672
v 0.000000 1.957471 0.106312
v 0.139754 2.089464 0.044312
v -0.139754 2.089464 0.044312
v 0.000000 2.048425 -0.235557
v 0.087666 2.045902 -0.223828
v -0.087666 2.045902 -0.223828
v 0.200557 2.044038 -0.100551
v -0.200557 2.044038 -0.100551
v 0.170559 2.044668 -0.194309
v -0.170559 2.044668 -0.194309
v 0.183197 2.017931 -0.020436
v -0.183197 2.017931 -0.020436
v 0.195337 2.439102 0.073588
v -0.195337 2.439102 0.073588
v 0.195337 2.510084 0.091314
v -0.195337 2.510084 0.091314
v 0.212599 2.532882 -0.002719
v -0.212599 2.532882 -0.002719
v 0.213476 2.459827 -0.006669
v -0.213476 2.459827 -0.006669
v 0.219039 2.472152 -0.082083
v -0.219039 2.472152 -0.082083
v 0.221316 2.530689 -0.116620
v -0.221316 2.530689 -0.116620
v 0.218815 2.446339 -0.173168
v -0.218815 2.446339 -0.173168
v 0.197934 2.218269 -0.131931
v -0.197934 2.218269 -0.131931
v 0.214066 2.338458 -0.188065
v -0.214066 2.338458 -0.188065
v 0.202015 2.692254 -0.148999
v -0.202015 2.692254 -0.148999
v 0.112628 2.735274 -0.187045
v -0.112628 2.735274 -0.187045
v 0.000000 2.744539 -0.200649
v 0.202101 2.703307 0.004352
v -0.202101 2.703307 0.004352
v 0.096289 2.764966 0.024404
v -0.096289 2.764966 0.024404
v 0.000000 2.774637 0.033561
v 0.153747 2.620635 0.132010
v -0.153747 2.620635 0.132010
v 0.071412 2.657168 0.187612
v -0.071412 2.657168 0.187612
v 0.000000 2.662249 0.211424
v 0.000000 2.560892 -0.357212
v 0.118163 2.556070 -0.339226
v -0.118163 2.556070 -0.339226
v 0.205733 2.521052 -0.273295
v -0.205733 2.521052 -0.273295
v 0.193991 2.375583 -0.269847
v -0.193991 2.375583 -0.269847
v 0.106922 2.372813 -0.334350
v -0.106922 2.372813 -0.334350
v 0.000000 2.368115 -0.351110
v 0.000000 2.231825 -0.239904
v 0.079249 2.226154 -0.243583
v -0.079249 2.226154 -0.243583
v 0.166723 2.235566 -0.201407
v -0.166723 2.235566 -0.201407
v 0.229634 2.253391 -0.072340
v -0.229634 2.253391 -0.072340
v 0.252116 2.422653 -0.080416
v -0.252116 2.422653 -0.080416
v 0.230676 2.433614 -0.121919
v -0.230676 2.433614 -0.121919
v 0.209497 2.262989 -0.108100
v -0.209497 2.262989 -0.108100
v 0.233619 2.337816 -0.090276
v -0.233619 2.337816 -0.090276
v 0.226100 2.363747 -0.151803
v -0.226100 2.363747 -0.151803
v 1.425872 0.417354 -0.158813
v -1.425872 0.417354 -0.158813
v 1.388260 0.420766 0.116692
v -1.388260 0.420766 0.116692
v 1.521229 0.472884 0.047309
v -1.521229 0.472884 0.047309
v 1.537015 0.465832 -0.049736
v -1.537015 0.465832 -0.049736
v 1.359340 0.404700 0.034006
v -1.359340 0.404700 0.034006
v 1.466238 0.459027 0.123867
v -1.466238 0.459027 0.123867
v 1.492722 0.445365 -0.134387
v -1.492722 0.445365 -0.134387
v 1.371323 0.405240 -0.108599
v -1.371323 0.405240 -0.108599
v 0.235953 0.070944 -0.285329
v -0.235953 0.070944 -0.285329
v 0.412431 0.137946 -0.207903
v -0.412431 0.137946 -0.207903
v 0.484215 0.190550 0.049266
v -0.484215 0.190550 0.049266
v 0.421098 0.167068 0.277200
v -0.421098 0.167068 0.277200
v 0.139126 0.016193 0.361020
v -0.139126 0.016193 0.361020
v 0.088307 -0.120398 0.267686
v -0.088307 -0.120398 0.267686
v 0.028888 -0.192383 0.049266
v -0.028888 -0.192383 0.049266
v 0.088307 -0.120398 -0.169153
v -0.088307 -0.120398 -0.169153
v 0.183775 -1.184863 -0.227507
v -0.183775 -1.184863 -0.227507
v 0.131646 -1.170752 -0.076183
v -0.131646 -1.170752 -0.076183
v 0.185743 -1.156658 0.082726
v -0.185743 -1.156658 0.082726
v 0.308661 -1.140717 0.139794
v -0.308661 -1.140717 0.139794
v 0.430511 -1.121987 0.081585
v -0.430511 -1.121987 0.081585
v 0.477800 -1.121721 -0.077797
v -0.477800 -1.121721 -0.077797
v 0.428542 -1.150192 -0.228649
v -0.428542 -1.150192 -0.228649
v 0.298486 -1.102429 -0.270286
v -0.298486 -1.102429 -0.270286
v 0.135660 -0.718531 -0.194374
v -0.135660 -0.718531 -0.194374
v 0.303034 -0.688732 -0.272274
v -0.303034 -0.688732 -0.272274
v 0.066332 -0.754426 -0.000149
v -0.066332 -0.754426 -0.000149
v 0.135660 -0.775391 0.196627
v -0.135660 -0.775391 0.196627
v 0.303034 -0.769144 0.280685
v -0.303034 -0.769144 0.280685
v 0.470407 -0.739345 0.202785
v -0.470407 -0.739345 0.202785
v 0.539735 -0.703450 0.008560
v -0.539735 -0.703450 0.008560
v 0.470407 -0.682485 -0.188216
v -0.470407 -0.682485 -0.188216
v 0.000000 -0.091100 -0.160638
v 0.000000 -0.202897 0.049266
v 0.000000 -0.143022 0.263750
v 0.092402 -0.326241 -0.169513
v -0.092402 -0.326241 -0.169513
v 0.250212 -0.308062 -0.259181
v -0.250212 -0.308062 -0.259181
v 0.031726 -0.393664 0.047402
v -0.031726 -0.393664 0.047402
v 0.092402 -0.329952 0.264497
v -0.092402 -0.329952 0.264497
v 0.250212 -0.313310 0.354602
v -0.250212 -0.313310 0.354602
v 0.453378 -0.262716 0.264934
v -0.453378 -0.262716 0.264934
v 0.525722 -0.238075 0.048020
v -0.525722 -0.238075 0.048020
v 0.453378 -0.259005 -0.169076
v -0.453378 -0.259005 -0.169076
v 0.000000 -0.033589 0.403323
v 0.000000 0.041664 -0.251392
v 0.180492 0.220584 0.378853
v -0.180492 0.220584 0.378853
v 0.000000 0.201680 0.420278
v 0.399593 0.319059 0.261222
v -0.399593 0.319059 0.261222
v 0.469401 0.379789 0.064917
v -0.469401 0.379789 0.064917
v 0.383417 0.339335 -0.170092
v -0.383417 0.339335 -0.170092
v 0.211542 0.307192 -0.257246
v -0.211542 0.307192 -0.257246
v 0.000000 0.295995 -0.255607
v 0.350433 -1.464573 -0.315863
v -0.350433 -1.464573 -0.315863
v 0.462279 -1.454399 -0.258066
v -0.462279 -1.454399 -0.258066
v 0.513805 -1.475918 -0.151591
v -0.513805 -1.475918 -0.151591
v 0.479283 -1.568806 -0.029286
v -0.479283 -1.568806 -0.029286
v 0.362007 -1.611637 0.017383
v -0.362007 -1.611637 0.017383
v 0.260787 -1.601934 -0.038595
v -0.260787 -1.601934 -0.038595
v 0.204805 -1.550250 -0.158649
v -0.204805 -1.550250 -0.158649
v 0.243783 -1.506959 -0.263057
v -0.243783 -1.506959 -0.263057
v 0.438042 -1.303071 -0.241265
v -0.438042 -1.303071 -0.241265
v 0.315028 -1.316769 -0.298661
v -0.315028 -1.316769 -0.298661
v 0.492169 -1.320967 -0.100211
v -0.492169 -1.320967 -0.100211
v 0.445267 -1.292382 0.072386
v -0.445267 -1.292382 0.072386
v 0.322161 -1.292243 0.135293
v -0.322161 -1.292243 0.135293
v 0.201038 -1.322937 0.071815
v -0.201038 -1.322937 0.071815
v 0.148720 -1.384453 -0.102830
v -0.148720 -1.384453 -0.102830
v 0.195187 -1.347962 -0.243116
v -0.195187 -1.347962 -0.243116
v 0.217373 -1.469695 0.019297
v -0.217373 -1.469695 0.019297
v 0.342279 -1.472993 0.070610
v -0.342279 -1.472993 0.070610
v 0.460918 -1.433001 0.022065
v -0.460918 -1.433001 0.022065
v 0.284049 -1.906232 -0.450922
v -0.284049 -1.906232 -0.450922
v 0.217772 -1.932691 -0.287243
v -0.217772 -1.932691 -0.287243
v 0.291070 -1.956118 -0.142467
v -0.291070 -1.956118 -0.142467
v 0.399877 -1.958413 -0.043003
v -0.399877 -1.958413 -0.043003
v 0.493696 -1.950316 -0.079376
v -0.493696 -1.950316 -0.079376
v 0.600504 -1.923734 -0.202046
v -0.600504 -1.923734 -0.202046
v 0.577776 -1.892335 -0.387024
v -0.577776 -1.892335 -0.387024
v 0.429051 -1.880923 -0.493795
v -0.429051 -1.880923 -0.493795
v 0.441943 -2.352478 -0.396267
v -0.441943 -2.352478 -0.396267
v 0.545206 -2.349439 -0.350811
v -0.545206 -2.349439 -0.350811
v 0.566878 -2.347142 -0.169986
v -0.566878 -2.347142 -0.169986
v 0.502747 -2.367004 -0.088241
v -0.502747 -2.367004 -0.088241
v 0.433062 -2.368439 -0.070454
v -0.433062 -2.368439 -0.070454
v 0.361237 -2.372966 -0.144952
v -0.361237 -2.372966 -0.144952
v 0.310306 -2.385083 -0.257409
v -0.310306 -2.385083 -0.257409
v 0.334199 -2.362562 -0.351633
v -0.334199 -2.362562 -0.351633
v 0.375570 -2.683550 -0.284175
v -0.375570 -2.683550 -0.284175
v 0.336630 -2.685083 -0.199549
v -0.336630 -2.685083 -0.199549
v 0.388656 -2.682033 -0.110260
v -0.388656 -2.682033 -0.110260
v 0.451045 -2.678432 -0.078046
v -0.451045 -2.678432 -0.078046
v 0.503204 -2.679745 -0.125427
v -0.503204 -2.679745 -0.125427
v 0.544105 -2.685083 -0.192753
v -0.544105 -2.685083 -0.192753
v 0.480006 -2.687739 -0.308937
v -0.480006 -2.687739 -0.308937
v 0.417821 -2.680230 -0.331457
v -0.417821 -2.680230 -0.331457
v 0.507722 -3.164155 -0.389166
v -0.507722 -3.164155 -0.389166
v 0.732261 -3.178319 0.296127
v -0.732261 -3.178319 0.296127
v 0.361676 -3.172385 0.442787
v -0.361676 -3.172385 0.442787
v 0.304860 -3.163810 -0.358831
v -0.304860 -3.163810 -0.358831
v 0.488567 -2.855215 -0.356555
v -0.488567 -2.855215 -0.356555
v 0.712183 -3.076562 0.301927
v -0.712183 -3.076562 0.301927
v 0.364739 -3.049167 0.448261
v -0.364739 -3.049167 0.448261
v 0.349505 -2.857064 -0.336651
v -0.349505 -2.857064 -0.336651
v 0.613721 -3.162596 -0.072716
v -0.613721 -3.162596 -0.072716
v 0.308392 -3.102271 -0.019785
v -0.308392 -3.102271 -0.019785
v 0.597395 -2.904257 -0.052422
v -0.597395 -2.904257 -0.052422
v 0.326653 -2.862757 -0.002801
v -0.326653 -2.862757 -0.002801
v 0.397988 -3.051915 0.596803
v -0.397988 -3.051915 0.596803
v 0.734819 -3.067812 0.455482
v -0.734819 -3.067812 0.455482
v 0.397052 -3.183630 0.592308
v -0.397052 -3.183630 0.592308
v 0.733758 -3.181904 0.451081
v -0.733758 -3.181904 0.451081
v 0.551574 -3.165788 -0.240820
v -0.551574 -3.165788 -0.240820
v 0.308960 -3.169908 -0.204301
v -0.308960 -3.169908 -0.204301
v 0.568008 -2.865547 -0.234233
v -0.568008 -2.865547 -0.234233
v 0.307966 -2.858725 -0.197944
v -0.307966 -2.858725 -0.197944
v 0.745719 -3.129940 0.285368
v -0.745719 -3.129940 0.285368
v 0.512728 -3.004535 -0.396410
v -0.512728 -3.004535 -0.396410
v 0.325888 -3.121161 0.459330
v -0.325888 -3.121161 0.459330
v 0.294049 -3.007084 -0.363672
v -0.294049 -3.007084 -0.363672
v 0.641355 -3.037188 -0.068224
v -0.641355 -3.037188 -0.068224
v 0.282496 -3.001971 -0.004530
v -0.282496 -3.001971 -0.004530
v 0.383941 -3.129291 0.618034
v -0.383941 -3.129291 0.618034
v 0.749969 -3.132493 0.466236
v -0.749969 -3.132493 0.466236
v 0.575818 -3.021362 -0.242576
v -0.575818 -3.021362 -0.242576
v 0.285360 -3.027141 -0.198486
v -0.285360 -3.027141 -0.198486
v 0.549769 -3.185422 0.381883
v -0.549769 -3.185422 0.381883
v 0.400874 -3.167432 -0.407325
v -0.400874 -3.167432 -0.407325
v 0.550453 -3.046817 0.390886
v -0.550453 -3.046817 0.390886
v 0.403112 -2.853064 -0.399848
v -0.403112 -2.853064 -0.399848
v 0.461128 -3.172199 -0.051814
v -0.461128 -3.172199 -0.051814
v 0.466187 -2.842445 0.021136
v -0.466187 -2.842445 0.021136
v 0.588141 -3.051329 0.548008
v -0.588141 -3.051329 0.548008
v 0.587248 -3.184870 0.542713
v -0.587248 -3.184870 0.542713
v 0.427966 -3.177149 -0.237774
v -0.427966 -3.177149 -0.237774
v 0.394056 -3.002568 -0.437686
v -0.394056 -3.002568 -0.437686
v 0.595048 -3.132458 0.582810
v -0.595048 -3.132458 0.582810
v 0.685691 -3.173010 0.111323
v -0.685691 -3.173010 0.111323
v 0.332033 -3.120332 0.212695
v -0.332033 -3.120332 0.212695
v 0.655268 -3.023956 0.124344
v -0.655268 -3.023956 0.124344
v 0.344970 -2.941041 0.223334
v -0.344970 -2.941041 0.223334
v 0.697534 -3.105408 0.107017
v -0.697534 -3.105408 0.107017
v 0.300307 -3.042930 0.228296
v -0.300307 -3.042930 0.228296
v 0.504657 -3.180289 0.166121
v -0.504657 -3.180289 0.166121
v 0.504222 -2.942522 0.192182
v -0.504222 -2.942522 0.192182
v 0.102779 2.186862 0.222787
v -0.102779 2.186862 0.222787
v 0.000000 2.229984 0.280543
v 0.071411 2.229893 0.245927
v -0.071411 2.229893 0.245927
v 0.071254 2.148275 0.238830
v -0.071254 2.148275 0.238830
v 0.000000 2.140213 0.265112
v 0.000000 2.178600 0.276056
v 0.058006 2.181918 0.247540
v -0.058006 2.181918 0.247540
v 0.056051 2.187728 0.253613
v -0.056051 2.187728 0.253613
v 0.000000 2.185026 0.274686
v 0.083220 2.182103 0.232887
v -0.083220 2.182103 0.232887
v 0.000000 2.185075 0.254983
v 0.060522 2.169819 0.252947
v -0.060522 2.169819 0.252947
v 0.000000 2.164844 0.282014
v 0.000000 2.197236 0.286051
v 0.056647 2.194780 0.253261
v -0.056647 2.194780 0.253261
v 0.089088 2.181521 0.229686
v -0.089088 2.181521 0.229686
v 1.751050 0.013287 0.174908
v -1.751050 0.013287 0.174908
v 1.697866 0.009356 0.255106
v -1.697866 0.009356 0.255106
v 1.769949 -0.091559 0.177403
v -1.769949 -0.091559 0.177403
v 1.720729 -0.098153 0.252041
v -1.720729 -0.098153 0.252041
v 1.769351 -0.122973 0.110234
v -1.769351 -0.122973 0.110234
v 1.788456 -0.112747 0.027375
v -1.788456 -0.112747 0.027375
v 1.766352 0.016144 0.126067
v -1.766352 0.016144 0.126067
v 1.783821 0.030750 0.036709
v -1.783821 0.030750 0.036709
v 1.773004 -0.049964 0.005147
v -1.773004 -0.049964 0.005147
v 1.784724 -0.035513 -0.087001
v -1.784724 -0.035513 -0.087001
v 1.778344 0.021996 0.018106
v -1.778344 0.021996 0.018106
v 1.786796 0.038637 -0.081271
v -1.786796 0.038637 -0.081271
v 1.732239 0.053641 -0.190716
v -1.732239 0.053641 -0.190716
v 1.745541 0.035996 -0.109494
v -1.745541 0.035996 -0.109494
v 1.703598 -0.058394 -0.122742
v -1.703598 -0.058394 -0.122742
v 1.695549 -0.045622 -0.196498
v -1.695549 -0.045622 -0.196498
v 1.172318 0.647567 -0.012904
v 1.135541 0.625693 -0.132370
v 1.252854 0.713572 0.039495
v 1.142234 0.644408 -0.240679
v 1.354580 0.803462 0.009685
v 1.374457 0.832215 -0.107385
v 1.233492 0.701139 -0.278331
v 1.333617 0.781641 -0.241642
v -1.172318 0.647567 -0.012904
v -1.135541 0.625693 -0.132370
v -1.252854 0.713572 0.039495
v -1.142234 0.644408 -0.240679
v -1.354580 0.803462 0.009685
v -1.374457 0.832215 -0.107385
v -1.233492 0.701139 -0.278331
v -1.333617 0.781641 -0.241642
vn 0.7819 0.6095 -0.1311
vn -0.7819 0.6095 -0.1311
vn 0.7653 0.5433 0.3451
vn -0.7653 0.5433 0.3451
vn 0.2757 0.4499 0.8495
vn -0.2757 0.4499 0.8495
vn -0.5712 0.3507 0.7422
vn 0.5712 0.3507 0.7422
vn -0.9954 -0.0777 -0.0566
vn 0.9954 -0.0777 -0.0566
vn -0.8393 -0.3174 -0.4414
vn 0.8393 -0.3174 -0.4414
vn -0.2657 -0.1510 -0.9521
vn 0.2657 -0.1510 -0.9521
vn 0.4724 0.3903 -0.7902
vn -0.4724 0.3903 -0.7902
vn 0.3455 0.4403 -0.8287
vn -0.3455 0.4403 -0.8287
vn -0.2467 -0.1118 -0.9626
vn 0.2467 -0.1118 -0.9626
vn -0.7327 -0.4676 -0.4944
vn 0.7327 -0.4676 -0.4944
vn 0.7131 0.1642 -0.6816
vn -0.7131 0.1642 -0.6816
vn 0.1787 -0.2662 -0.9472
vn -0.1787 -0.2662 -0.9472
vn -0.4434 -0.7004 -0.5593
vn 0.4434 -0.7004 -0.5593
vn -0.7383 -0.6644 0.1161
vn 0.7383 -0.6644 0.1161
vn -0.6898 -0.2965 0.6605
vn 0.6898 -0.2965 0.6605
vn -0.1234 0.2059 0.9708
vn 0.1234 0.2059 0.9708
vn 0.6610 0.4575 0.5948
vn -0.6610 0.4575 0.5948
vn 0.9105 0.3936 -0.1265
vn -0.9105 0.3936 -0.1265
vn 0.5724 0.2849 -0.7689
vn -0.5724 0.2849 -0.7689
vn -0.0200 -0.2046 -0.9787
vn 0.0200 -0.2046 -0.9787
vn -0.6528 -0.4933 -0.5750
vn 0.6528 -0.4933 -0.5750
vn -0.8454 -0.5257 0.0949
vn 0.8454 -0.5257 0.0949
vn -0.6879 -0.3013 0.6603
vn 0.6879 -0.3013 0.6603
vn -0.2118 0.1233 0.9695
vn 0.2118 0.1233 0.9695
vn 0.4275 0.5568 0.7122
vn -0.4275 0.5568 0.7122
vn 0.7513 0.6579 -0.0529
vn -0.7513 0.6579 -0.0529
vn -0.0265 -0.4093 0.9120
vn 0.0265 -0.4093 0.9120
vn -0.5391 -0.7402 0.4017
vn 0.5391 -0.7402 0.4017
vn -0.6866 -0.6759 -0.2679
vn 0.6866 -0.6759 -0.2679
vn 0.6110 0.1425 0.7787
vn -0.6110 0.1425 0.7787
vn 0.8633 0.4687 0.1870
vn -0.8633 0.4687 0.1870
vn -0.4111 -0.3278 -0.8506
vn 0.4111 -0.3278 -0.8506
vn 0.2545 0.1459 -0.9560
vn -0.2545 0.1459 -0.9560
vn 0.7742 0.4770 -0.4161
vn -0.7742 0.4770 -0.4161
vn 0.7391 0.6373 -0.2181
vn -0.7391 0.6373 -0.2181
vn 0.6792 0.5897 0.4370
vn -0.6792 0.5897 0.4370
vn 0.2597 0.1279 0.9572
vn -0.2597 0.1279 0.9572
vn -0.3285 -0.4128 0.8495
vn 0.3285 -0.4128 0.8495
vn -0.7278 -0.6315 0.2675
vn 0.7278 -0.6315 0.2675
vn -0.6854 -0.6271 -0.3701
vn 0.6854 -0.6271 -0.3701
vn -0.3221 -0.2564 -0.9113
vn 0.3221 -0.2564 -0.9113
vn 0.4155 0.3158 -0.8530
vn -0.4155 0.3158 -0.8530
vn 0.0001 0.0413 -0.9991
vn -0.0001 0.0413 -0.9991
vn -0.5123 -0.5267 -0.6784
vn 0.5123 -0.5267 -0.6784
vn -0.7081 -0.7025 0.0708
vn 0.7081 -0.7025 0.0708
vn -0.4609 -0.5884 0.6644
vn 0.4609 -0.5884 0.6644
vn 0.0292 -0.1305 0.9910
vn -0.0292 -0.1305 0.9910
vn 0.5839 0.3936 0.7100
vn -0.5839 0.3936 0.7100
vn 0.7915 0.6063 0.0773
vn -0.7915 0.6063 0.0773
vn 0.5606 0.5261 -0.6395
vn -0.5606 0.5261 -0.6395
vn 0.4346 0.6154 -0.6575
vn -0.4346 0.6154 -0.6575
vn 0.5690 0.8224 0.0011
vn -0.5690 0.8224 0.0011
vn 0.4134 0.6202 0.6667
vn -0.4134 0.6202 0.6667
vn 0.3942 0.1086 0.9126
vn -0.3942 0.1086 0.9126
vn 0.3358 -0.5773 0.7443
vn -0.3358 -0.5773 0.7443
vn 0.3024 -0.9434 -0.1360
vn -0.3024 -0.9434 -0.1360
vn 0.2329 -0.6099 -0.7575
vn -0.2329 -0.6099 -0.7575
vn 0.3032 0.0268 -0.9525
vn -0.3032 0.0268 -0.9525
vn 0.3276 0.0874 -0.9408
vn -0.3276 0.0874 -0.9408
vn 0.2779 0.5965 -0.7530
vn -0.2779 0.5965 -0.7530
vn 0.3399 0.9404 0.0029
vn -0.3399 0.9404 0.0029
vn 0.3304 0.6947 0.6389
vn -0.3304 0.6947 0.6389
vn 0.5819 -0.2764 -0.7649
vn -0.5819 -0.2764 -0.7649
vn 0.8966 -0.4395 -0.0538
vn -0.8966 -0.4395 -0.0538
vn 0.8010 -0.1245 0.5856
vn -0.8010 -0.1245 0.5856
vn 0.7408 0.1982 -0.6418
vn -0.7408 0.1982 -0.6418
vn 0.7263 -0.0113 0.6873
vn -0.7263 -0.0113 0.6873
vn 0.8011 -0.2300 -0.5526
vn -0.8011 -0.2300 -0.5526
vn 0.7881 -0.0333 0.6147
vn -0.7881 -0.0333 0.6147
vn 0.8331 -0.1163 0.5408
vn -0.8331 -0.1163 0.5408
vn 0.6955 -0.3842 -0.6072
vn -0.6955 -0.3842 -0.6072
vn -0.0000 0.1701 -0.9854
vn -0.0000 -0.0264 0.9997
vn -0.0000 -0.3825 -0.9240
vn -0.0000 -0.0143 0.9999
vn -0.0000 0.0445 0.9990
vn -0.0000 -0.3552 -0.9348
vn 0.9946 0.0876 0.0549
vn -0.9946 0.0876 0.0549
vn 0.9946 -0.0908 0.0500
vn -0.9946 -0.0908 0.0500
vn 0.9596 -0.2812 0.0077
vn -0.9596 -0.2812 0.0077
vn 0.2321 0.1953 -0.9529
vn -0.2321 0.1953 -0.9529
vn 0.3594 -0.0407 0.9323
vn -0.3594 -0.0407 0.9323
vn 0.2732 -0.3597 -0.8922
vn -0.2732 -0.3597 -0.8922
vn 0.3884 -0.0071 0.9215
vn -0.3884 -0.0071 0.9215
vn 0.5524 0.0586 0.8315
vn -0.5524 0.0586 0.8315
vn 0.2800 -0.3779 -0.8825
vn -0.2800 -0.3779 -0.8825
vn 0.8274 0.0482 0.5596
vn -0.8274 0.0482 0.5596
vn 0.7569 -0.3850 -0.5281
vn -0.7569 -0.3850 -0.5281
vn -0.0000 0.1561 0.9877
vn -0.0000 -0.4909 -0.8712
vn 0.9806 -0.1959 0.0090
vn -0.9806 -0.1959 0.0090
vn 0.4456 0.1395 0.8843
vn -0.4456 0.1395 0.8843
vn 0.2761 -0.4808 -0.8322
vn -0.2761 -0.4808 -0.8322
vn 0.7713 0.0095 -0.6364
vn -0.7713 0.0095 -0.6364
vn 0.7625 -0.0188 0.6467
vn -0.7625 -0.0188 0.6467
vn -0.0000 -0.0100 0.9999
vn -0.0000 -0.0700 -0.9975
vn 0.9994 0.0286 0.0199
vn -0.9994 0.0286 0.0199
vn 0.3531 -0.0214 0.9353
vn -0.3531 -0.0214 0.9353
vn 0.2648 -0.0542 -0.9628
vn -0.2648 -0.0542 -0.9628
vn 0.4822 0.0607 0.8739
vn -0.4822 0.0607 0.8739
vn -0.0000 0.1629 0.9866
vn 0.3075 0.7850 0.5378
vn -0.3075 0.7850 0.5378
vn -0.0000 0.6951 0.7189
vn 0.1278 0.6770 0.7248
vn -0.1278 0.6770 0.7248
vn 0.2325 -0.1412 -0.9623
vn -0.2325 -0.1412 -0.9623
vn -0.0000 -0.0846 -0.9964
vn 0.2569 0.5756 0.7763
vn -0.2569 0.5756 0.7763
vn -0.0000 0.6231 0.7821
vn 0.4601 0.8876 0.0224
vn -0.4601 0.8876 0.0224
vn 0.5389 0.2437 0.8063
vn -0.5389 0.2437 0.8063
vn 0.3942 0.4144 0.8203
vn -0.3942 0.4144 0.8203
vn -0.0000 0.5203 0.8540
vn 0.3361 0.7983 -0.4998
vn -0.3361 0.7983 -0.4998
vn -0.0000 0.3730 -0.9278
vn -0.0000 0.4573 -0.8893
vn 0.1116 0.4122 -0.9042
vn -0.1116 0.4122 -0.9042
vn 0.1260 0.5383 -0.8333
vn -0.1260 0.5383 -0.8333
vn -0.0000 0.1486 -0.9889
vn 0.1490 0.1357 -0.9795
vn -0.1490 0.1357 -0.9795
vn -0.9154 -0.1462 -0.3751
vn 0.9154 -0.1462 -0.3751
vn -0.6265 0.2816 0.7268
vn 0.6265 0.2816 0.7268
vn -0.3976 -0.6499 0.6477
vn 0.3976 -0.6499 0.6477
vn -0.5499 -0.6603 -0.5114
vn 0.5499 -0.6603 -0.5114
vn 0.5045 -0.5468 -0.6683
vn -0.5045 -0.5468 -0.6683
vn 0.6820 -0.5372 0.4963
vn -0.6820 -0.5372 0.4963
vn 0.1305 -0.1575 0.9789
vn -0.1305 -0.1575 0.9789
vn -0.2814 -0.7085 -0.6472
vn 0.2814 -0.7085 -0.6472
vn 0.0770 0.3249 0.9426
vn -0.0770 0.3249 0.9426
vn 0.4860 0.5216 -0.7013
vn -0.4860 0.5216 -0.7013
vn -0.1642 -0.1862 -0.9687
vn 0.1642 -0.1862 -0.9687
vn -0.5357 -0.6846 -0.4942
vn 0.5357 -0.6846 -0.4942
vn 0.4963 0.4909 0.7160
vn -0.4963 0.4909 0.7160
vn 0.7694 0.5547 0.3167
vn -0.7694 0.5547 0.3167
vn 0.7678 0.6387 -0.0503
vn -0.7678 0.6387 -0.0503
vn 0.7894 0.4089 0.4579
vn -0.7894 0.4089 0.4579
vn 0.2363 0.2837 0.9293
vn -0.2363 0.2837 0.9293
vn 0.2026 -0.6713 0.7129
vn -0.2026 -0.6713 0.7129
vn 0.8142 -0.5351 -0.2253
vn -0.8142 -0.5351 -0.2253
vn -0.1260 -0.5137 -0.8487
vn 0.1260 -0.5137 -0.8487
vn -0.7521 -0.6525 0.0929
vn 0.7521 -0.6525 0.0929
vn -0.6754 -0.6119 0.4115
vn 0.6754 -0.6119 0.4115
vn -0.5881 -0.7314 -0.3454
vn 0.5881 -0.7314 -0.3454
vn -0.7326 -0.6288 -0.2606
vn 0.7326 -0.6288 -0.2606
vn 0.8805 0.4064 0.2440
vn -0.8805 0.4064 0.2440
vn -0.8557 -0.1704 -0.4886
vn 0.8557 -0.1704 -0.4886
vn -0.6192 0.0522 0.7835
vn 0.6192 0.0522 0.7835
vn 0.7641 -0.0190 0.6448
vn -0.7641 -0.0190 0.6448
vn 0.6147 -0.2671 -0.7422
vn -0.6147 -0.2671 -0.7422
vn -0.5691 -0.7282 -0.3820
vn 0.5691 -0.7282 -0.3820
vn 0.9247 0.3673 -0.1003
vn -0.9247 0.3673 -0.1003
vn -0.8518 -0.5191 -0.0702
vn 0.8518 -0.5191 -0.0702
vn -0.4805 -0.1263 -0.8679
vn 0.4805 -0.1263 -0.8679
vn 0.6392 0.3521 -0.6837
vn -0.6392 0.3521 -0.6837
vn 0.1556 0.3043 0.9398
vn -0.1556 0.3043 0.9398
vn -0.5113 -0.6030 0.6124
vn 0.5113 -0.6030 0.6124
vn 0.6077 0.5694 0.5536
vn -0.6077 0.5694 0.5536
vn 0.7614 0.5806 0.2885
vn -0.7614 0.5806 0.2885
vn -0.4939 -0.8143 -0.3050
vn 0.4939 -0.8143 -0.3050
vn -0.5045 -0.7801 -0.3701
vn 0.5045 -0.7801 -0.3701
vn -0.2548 -0.2317 -0.9388
vn 0.2548 -0.2317 -0.9388
vn -0.5734 -0.7114 -0.4062
vn 0.5734 -0.7114 -0.4062
vn 0.5044 0.4717 -0.7233
vn -0.5044 0.4717 -0.7233
vn 0.7954 0.6060 -0.0119
vn -0.7954 0.6060 -0.0119
vn 0.2351 0.1708 0.9568
vn -0.2351 0.1708 0.9568
vn 0.2449 0.0087 0.9695
vn -0.2449 0.0087 0.9695
vn 0.9392 0.2675 -0.2152
vn -0.9392 0.2675 -0.2152
vn 0.9672 0.1613 -0.1964
vn -0.9672 0.1613 -0.1964
vn -0.1690 -0.0549 -0.9841
vn 0.1690 -0.0549 -0.9841
vn -0.1559 -0.2433 -0.9573
vn 0.1559 -0.2433 -0.9573
vn -0.9442 -0.2434 0.2220
vn 0.9442 -0.2434 0.2220
vn -0.8739 -0.3980 0.2793
vn 0.8739 -0.3980 0.2793
vn -0.7713 -0.3270 0.5461
vn 0.7713 -0.3270 0.5461
vn -0.8344 -0.0875 0.5442
vn 0.8344 -0.0875 0.5442
vn -0.4712 -0.1631 -0.8668
vn 0.4712 -0.1631 -0.8668
vn -0.5036 0.0619 -0.8617
vn 0.5036 0.0619 -0.8617
vn 0.8472 0.0466 -0.5292
vn -0.8472 0.0466 -0.5292
vn 0.8244 0.2865 -0.4882
vn -0.8244 0.2865 -0.4882
vn 0.5490 -0.1024 0.8295
vn -0.5490 -0.1024 0.8295
vn 0.4886 0.0638 0.8702
vn -0.4886 0.0638 0.8702
vn -0.7806 -0.5270 0.3360
vn 0.7806 -0.5270 0.3360
vn -0.5288 -0.3855 -0.7561
vn 0.5288 -0.3855 -0.7561
vn 0.5531 -0.6255 -0.5502
vn -0.5531 -0.6255 -0.5502
vn 0.3072 -0.7671 0.5632
vn -0.3072 -0.7671 0.5632
vn -0.7190 -0.2344 0.6543
vn 0.7190 -0.2344 0.6543
vn -0.7700 -0.0493 0.6361
vn 0.7700 -0.0493 0.6361
vn -0.6114 -0.1046 -0.7843
vn 0.6114 -0.1046 -0.7843
vn -0.6150 0.1111 -0.7807
vn 0.6150 0.1111 -0.7807
vn 0.7574 -0.0891 -0.6468
vn -0.7574 -0.0891 -0.6468
vn 0.7819 0.1631 -0.6017
vn -0.7819 0.1631 -0.6017
vn 0.6271 -0.2429 0.7401
vn -0.6271 -0.2429 0.7401
vn 0.6411 0.0201 0.7672
vn -0.6411 0.0201 0.7672
vn -0.7402 -0.5188 0.4277
vn 0.7402 -0.5188 0.4277
vn -0.6084 -0.4050 -0.6825
vn 0.6084 -0.4050 -0.6825
vn 0.4933 -0.6260 -0.6039
vn -0.4934 -0.6260 -0.6039
vn 0.3685 -0.7591 0.5366
vn -0.3685 -0.7591 0.5366
vn 0.2970 -0.8646 0.4052
vn -0.2970 -0.8646 0.4052
vn 0.1235 -0.6807 -0.7221
vn -0.1235 -0.6807 -0.7221
vn -0.8598 -0.1910 -0.4736
vn 0.8598 -0.1910 -0.4736
vn -0.6956 -0.3509 0.6269
vn 0.6956 -0.3509 0.6269
vn 0.8305 -0.1082 0.5465
vn -0.8305 -0.1082 0.5465
vn 0.7524 -0.4060 0.5188
vn -0.7524 -0.4060 0.5188
vn 0.5714 0.1521 -0.8065
vn -0.5714 0.1521 -0.8065
vn 0.5163 -0.1800 -0.8373
vn -0.5163 -0.1800 -0.8373
vn -0.7606 0.3167 -0.5667
vn 0.7606 0.3167 -0.5667
vn -0.7960 0.2311 -0.5594
vn 0.7960 0.2311 -0.5594
vn -0.5423 0.0955 0.8348
vn 0.5423 0.0955 0.8348
vn -0.5389 -0.0301 0.8418
vn 0.5389 -0.0301 0.8418
vn 0.8099 0.5704 0.1366
vn -0.8099 0.5704 0.1366
vn -0.6328 -0.6266 0.4550
vn 0.6328 -0.6266 0.4550
vn 0.6141 0.2933 0.7327
vn -0.6141 0.2933 0.7327
vn 0.1423 0.2604 -0.9549
vn -0.1423 0.2604 -0.9549
vn -0.4977 -0.2729 -0.8233
vn 0.4977 -0.2729 -0.8233
vn -0.0220 -0.2576 0.9660
vn 0.0220 -0.2576 0.9660
vn -0.7764 -0.5828 -0.2399
vn 0.7764 -0.5828 -0.2399
vn 0.6519 0.5965 -0.4682
vn -0.6519 0.5965 -0.4682
vn 0.1809 0.4266 -0.8862
vn -0.1809 0.4266 -0.8862
vn -0.0000 0.3820 -0.9242
vn 0.4615 0.6373 -0.6172
vn -0.4615 0.6373 -0.6172
vn 0.7210 0.6924 0.0293
vn -0.7210 0.6924 0.0293
vn 0.2555 0.4361 0.8629
vn -0.2555 0.4361 0.8629
vn -0.0000 0.4743 0.8803
vn 0.5437 0.5659 0.6199
vn -0.5437 0.5659 0.6199
vn 0.9990 0.0422 -0.0171
vn -0.9990 0.0422 -0.0171
vn 0.7239 -0.0393 -0.6888
vn -0.7239 -0.0393 -0.6888
vn -0.0000 -0.0667 -0.9978
vn 0.2517 -0.0574 -0.9661
vn -0.2517 -0.0574 -0.9661
vn 0.4966 -0.7906 0.3582
vn -0.4966 -0.7906 0.3582
vn -0.0000 -0.8332 0.5530
vn 0.8801 -0.4560 0.1323
vn -0.8801 -0.4560 0.1323
vn 0.8152 -0.3092 0.4897
vn -0.8152 -0.3092 0.4897
vn -0.0000 -0.2757 0.9613
vn 0.5594 -0.3004 0.7725
vn -0.5594 -0.3004 0.7725
vn 0.5038 0.0747 0.8606
vn -0.5038 0.0747 0.8606
vn -0.0000 0.0741 0.9973
vn 0.8721 0.0203 0.4889
vn -0.8721 0.0203 0.4889
vn 0.5134 0.1768 0.8397
vn -0.5134 0.1768 0.8397
vn 0.7094 0.2037 0.6747
vn -0.7094 0.2037 0.6747
vn -0.0000 -0.6003 0.7998
vn 0.5892 -0.0224 0.8077
vn -0.5892 -0.0224 0.8077
vn 0.7061 -0.1895 0.6823
vn -0.7061 -0.1895 0.6823
vn -0.0000 -0.3131 0.9497
vn -0.0000 0.3875 0.9219
vn 0.7407 0.2647 0.6175
vn -0.7407 0.2647 0.6175
vn 0.7942 -0.4467 0.4120
vn -0.7942 -0.4467 0.4120
vn -0.0000 -0.8734 0.4871
vn 0.9247 0.1427 0.3529
vn -0.9247 0.1427 0.3529
vn 0.6858 -0.1073 0.7199
vn -0.6858 -0.1073 0.7199
vn 0.7117 0.0098 0.7025
vn -0.7117 0.0098 0.7025
vn -0.0000 0.1728 0.9850
vn 0.5755 0.3045 0.7590
vn -0.5755 0.3045 0.7590
vn 0.5201 0.2278 0.8232
vn -0.5201 0.2278 0.8232
vn -0.0000 0.1147 0.9934
vn 0.4580 0.0924 0.8841
vn -0.4580 0.0924 0.8841
vn 0.5342 -0.3035 0.7890
vn -0.5342 -0.3035 0.7890
vn 0.4855 -0.3571 0.7980
vn -0.4855 -0.3571 0.7980
vn 0.5883 0.0833 0.8043
vn -0.5883 0.0833 0.8043
vn 0.8260 -0.0114 0.5636
vn -0.8260 -0.0114 0.5636
vn 0.6231 -0.3844 0.6812
vn -0.6231 -0.3844 0.6812
vn 0.7236 -0.1409 0.6756
vn -0.7236 -0.1409 0.6756
vn 0.9374 -0.0725 0.3407
vn -0.9374 -0.0725 0.3407
vn 0.8827 0.0577 0.4664
vn -0.8827 0.0577 0.4664
vn 0.6405 0.1461 0.7539
vn -0.6405 0.1461 0.7539
vn 0.8749 -0.0563 0.4810
vn -0.8749 -0.0563 0.4810
vn 0.6088 0.0027 0.7933
vn -0.6088 0.0027 0.7933
vn 0.9418 0.1736 0.2878
vn -0.9418 0.1736 0.2878
vn 0.8955 -0.1216 0.4282
vn -0.8955 -0.1216 0.4282
vn 0.8702 -0.4475 0.2063
vn -0.8702 -0.4475 0.2063
vn 0.6488 -0.7593 -0.0490
vn -0.6488 -0.7593 -0.0490
vn 0.9310 -0.1383 -0.3378
vn -0.9310 -0.1383 -0.3378
vn 0.7612 0.6400 0.1048
vn -0.7612 0.6400 0.1048
vn 0.4949 -0.1058 0.8625
vn -0.4949 -0.1058 0.8625
vn -0.1684 0.8297 -0.5322
vn 0.1684 0.8297 -0.5322
vn -0.0483 0.0617 -0.9969
vn 0.0483 0.0617 -0.9969
vn -0.2564 -0.6371 -0.7269
vn 0.2564 -0.6371 -0.7269
vn 0.4136 -0.7199 -0.5574
vn -0.4136 -0.7199 -0.5574
vn -0.0090 -0.1141 -0.9934
vn 0.0090 -0.1141 -0.9934
vn 0.4360 0.8312 -0.3450
vn -0.4360 0.8312 -0.3450
vn 0.9016 -0.1008 0.4206
vn -0.9016 -0.1008 0.4206
vn 0.9669 0.0534 0.2496
vn -0.9669 0.0534 0.2496
vn 0.9741 -0.2253 0.0193
vn -0.9741 -0.2253 0.0193
vn 0.9973 0.0727 0.0035
vn -0.9973 0.0727 0.0035
vn 0.9925 -0.1194 -0.0251
vn -0.9925 -0.1194 -0.0251
vn 0.9873 -0.1571 0.0214
vn -0.9874 -0.1571 0.0214
vn 0.9818 -0.0568 0.1813
vn -0.9818 -0.0568 0.1813
vn 0.9720 -0.0118 0.2348
vn -0.9720 -0.0118 0.2348
vn 0.9833 -0.1264 0.1309
vn -0.9833 -0.1264 0.1309
vn 0.6518 -0.0046 0.7584
vn -0.6518 -0.0046 0.7584
vn 0.9736 -0.1041 0.2030
vn -0.9736 -0.1041 0.2030
vn 0.9572 -0.2872 -0.0357
vn -0.9572 -0.2872 -0.0357
vn 0.5769 -0.5935 0.5612
vn -0.5769 -0.5935 0.5612
vn 0.3791 -0.1961 0.9044
vn -0.3791 -0.1961 0.9044
vn 0.2653 -0.1823 0.9468
vn -0.2653 -0.1823 0.9468
vn -0.0000 -0.7123 0.7019
vn -0.0000 -0.1518 0.9884
vn -0.0000 -0.3046 0.9525
vn 0.8382 -0.4067 0.3633
vn -0.8382 -0.4067 0.3633
vn -0.0000 0.2416 -0.9704
vn 0.2427 0.2659 -0.9329
vn -0.2427 0.2659 -0.9329
vn 0.9817 0.1903 -0.0013
vn -0.9817 0.1903 -0.0013
vn 0.6938 0.2921 -0.6583
vn -0.6938 0.2921 -0.6583
vn 0.8868 0.1312 0.4431
vn -0.8868 0.1312 0.4431
vn 0.9753 -0.0251 0.2194
vn -0.9753 -0.0251 0.2194
vn 0.9375 0.0891 0.3364
vn -0.9375 0.0891 0.3364
vn 0.9853 0.0535 0.1625
vn -0.9853 0.0535 0.1625
vn 0.9894 0.0088 0.1449
vn -0.9894 0.0088 0.1449
vn 0.9992 0.0027 0.0390
vn -0.9992 0.0027 0.0390
vn 0.9986 0.0504 -0.0172
vn -0.9986 0.0504 -0.0172
vn 0.9967 -0.0448 -0.0675
vn -0.9967 -0.0448 -0.0675
vn 0.9955 -0.0809 -0.0493
vn -0.9955 -0.0809 -0.0493
vn 0.9758 -0.1843 -0.1175
vn -0.9758 -0.1843 -0.1175
vn 0.8116 0.5308 -0.2441
vn -0.8116 0.5308 -0.2441
vn 0.3447 0.8275 -0.4432
vn -0.3447 0.8275 -0.4432
vn -0.0000 0.8720 -0.4895
vn 0.8153 0.5395 0.2104
vn -0.8153 0.5395 0.2104
vn 0.3413 0.9097 0.2365
vn -0.3413 0.9097 0.2365
vn -0.0000 0.9711 0.2388
vn 0.7281 0.3755 0.5735
vn -0.7281 0.3755 0.5735
vn 0.4001 0.5646 0.7219
vn -0.4001 0.5646 0.7219
vn -0.0000 0.6009 0.7994
vn -0.0000 0.3278 -0.9448
vn 0.3868 0.3044 -0.8705
vn -0.3868 0.3044 -0.8705
vn 0.8360 0.1476 -0.5284
vn -0.8360 0.1476 -0.5284
vn 0.7788 -0.2312 -0.5831
vn -0.7788 -0.2312 -0.5831
vn 0.3346 -0.2991 -0.8936
vn -0.3346 -0.2991 -0.8936
vn -0.0000 -0.3222 -0.9467
vn -0.0000 -0.4034 -0.9150
vn 0.2547 -0.3934 -0.8834
vn -0.2547 -0.3934 -0.8834
vn 0.6965 -0.3317 -0.6364
vn -0.6965 -0.3317 -0.6364
vn 0.4612 -0.8559 0.2341
vn -0.4612 -0.8559 0.2341
vn 0.5943 0.6320 0.4974
vn -0.5942 0.6320 0.4974
vn -0.6232 0.7790 -0.0692
vn 0.6232 0.7790 -0.0692
vn -0.6222 -0.6934 -0.3635
vn 0.6222 -0.6934 -0.3635
vn 0.9395 -0.0976 0.3284
vn -0.9395 -0.0976 0.3284
vn -0.8595 0.0617 -0.5073
vn 0.8595 0.0617 -0.5073
vn -0.0422 -0.0189 -0.9989
vn 0.0422 -0.0189 -0.9989
vn -0.6316 0.1993 0.7492
vn 0.6316 0.1993 0.7492
vn 0.7264 0.5440 0.4200
vn -0.7264 0.5440 0.4200
vn 0.8480 0.4936 -0.1929
vn -0.8480 0.4936 -0.1929
vn -0.9685 -0.1638 0.1874
vn 0.9685 -0.1638 0.1874
vn 0.1437 0.4720 0.8698
vn -0.1437 0.4720 0.8698
vn 0.5512 0.2972 -0.7796
vn -0.5512 0.2972 -0.7796
vn -0.7764 -0.3434 -0.5284
vn 0.7764 -0.3434 -0.5284
vn 0.1070 -0.0390 -0.9935
vn -0.1070 -0.0390 -0.9935
vn 0.7177 0.1067 -0.6881
vn -0.7177 0.1067 -0.6881
vn 0.9938 0.1104 -0.0127
vn -0.9938 0.1104 -0.0127
vn 0.7214 0.0470 0.6909
vn -0.7214 0.0470 0.6909
vn 0.2216 -0.1785 0.9587
vn -0.2216 -0.1785 0.9587
vn -0.3225 -0.5623 0.7614
vn 0.3225 -0.5623 0.7614
vn -0.6936 -0.7179 -0.0599
vn 0.6936 -0.7179 -0.0599
vn -0.4989 -0.3932 -0.7723
vn 0.4989 -0.3932 -0.7723
vn -0.7372 -0.0007 -0.6757
vn 0.7372 -0.0007 -0.6757
vn -0.9935 -0.1135 -0.0100
vn 0.9935 -0.1135 -0.0100
vn -0.7416 -0.1960 0.6415
vn 0.7416 -0.1960 0.6415
vn 0.0111 -0.2063 0.9784
vn -0.0111 -0.2063 0.9784
vn 0.7709 -0.1336 0.6229
vn -0.7709 -0.1336 0.6229
vn 0.9989 -0.0309 -0.0346
vn -0.9989 -0.0309 -0.0346
vn 0.7166 0.0634 -0.6946
vn -0.7166 0.0634 -0.6946
vn -0.0214 0.0517 -0.9984
vn 0.0214 0.0517 -0.9984
vn -0.7437 -0.0396 -0.6674
vn 0.7437 -0.0396 -0.6674
vn 0.0056 0.0260 -0.9996
vn -0.0056 0.0260 -0.9996
vn -0.9914 -0.1306 -0.0014
vn 0.9914 -0.1306 -0.0014
vn -0.7277 -0.2311 0.6458
vn 0.7277 -0.2311 0.6458
vn 0.0203 -0.2521 0.9675
vn -0.0203 -0.2521 0.9675
vn 0.7467 -0.1621 0.6451
vn -0.7467 -0.1621 0.6451
vn 0.9985 -0.0541 0.0045
vn -0.9985 -0.0541 0.0045
vn 0.7475 0.0227 -0.6639
vn -0.7475 0.0227 -0.6639
vn -0.0000 -0.7213 -0.6927
vn -0.0000 -0.9970 -0.0780
vn -0.0000 -0.8855 0.4646
vn -0.7884 -0.0380 -0.6139
vn 0.7884 -0.0380 -0.6139
vn -0.0601 -0.0099 -0.9981
vn 0.0601 -0.0099 -0.9981
vn -0.9974 -0.0711 0.0104
vn 0.9974 -0.0711 0.0104
vn -0.7861 -0.1236 0.6056
vn 0.7861 -0.1236 0.6056
vn -0.0507 -0.1048 0.9932
vn 0.0507 -0.1048 0.9932
vn 0.7251 0.0059 0.6886
vn -0.7251 0.0059 0.6886
vn 0.9984 0.0557 0.0080
vn -0.9984 0.0557 0.0080
vn 0.7565 0.0422 -0.6526
vn -0.7565 0.0422 -0.6526
vn -0.0000 -0.4728 0.8812
vn -0.0000 -0.2645 -0.9644
vn 0.3316 -0.0490 0.9421
vn -0.3316 -0.0490 0.9421
vn -0.0000 -0.0647 0.9979
vn 0.7655 0.0121 0.6434
vn -0.7655 0.0121 0.6434
vn 0.9936 0.1115 -0.0158
vn -0.9936 0.1115 -0.0158
vn 0.6875 0.2375 -0.6862
vn -0.6875 0.2375 -0.6862
vn 0.1892 0.2058 -0.9601
vn -0.1892 0.2058 -0.9601
vn -0.0000 0.1414 -0.9899
vn 0.0267 0.2508 -0.9677
vn -0.0267 0.2508 -0.9677
vn 0.7520 0.2822 -0.5957
vn -0.7520 0.2822 -0.5957
vn 0.9880 0.1515 0.0313
vn -0.9880 0.1515 0.0313
vn 0.7226 -0.0769 0.6870
vn -0.7226 -0.0769 0.6870
vn -0.0479 -0.2911 0.9555
vn 0.0479 -0.2911 0.9555
vn -0.7356 -0.3249 0.5944
vn 0.7356 -0.3249 0.5944
vn -0.9811 -0.1913 -0.0294
vn 0.9811 -0.1913 -0.0294
vn -0.7401 0.0485 -0.6708
vn 0.7401 0.0485 -0.6708
vn 0.7126 0.1679 -0.6811
vn -0.7126 0.1679 -0.6811
vn -0.0344 0.1021 -0.9942
vn 0.0344 0.1021 -0.9942
vn 0.9952 0.0960 -0.0185
vn -0.9952 0.0960 -0.0185
vn 0.7543 -0.0645 0.6533
vn -0.7543 -0.0645 0.6533
vn 0.0195 -0.1741 0.9845
vn -0.0195 -0.1741 0.9845
vn -0.7032 -0.2122 0.6786
vn 0.7032 -0.2122 0.6786
vn -0.9803 -0.1974 -0.0067
vn 0.9803 -0.1974 -0.0067
vn -0.7450 -0.0485 -0.6653
vn 0.7450 -0.0485 -0.6653
vn -0.7022 -0.3831 0.6001
vn 0.7022 -0.3831 0.6001
vn 0.0258 -0.3588 0.9331
vn -0.0258 -0.3588 0.9331
vn 0.7683 -0.1319 0.6264
vn -0.7683 -0.1319 0.6264
vn -0.6737 0.0018 -0.7390
vn 0.6737 0.0018 -0.7390
vn -0.9933 -0.1145 -0.0181
vn 0.9933 -0.1145 -0.0181
vn -0.7981 -0.1739 0.5768
vn 0.7981 -0.1739 0.5768
vn -0.1649 -0.1423 0.9760
vn 0.1649 -0.1423 0.9760
vn 0.6144 -0.0260 0.7886
vn -0.6144 -0.0260 0.7886
vn 0.9793 0.0513 0.1956
vn -0.9793 0.0513 0.1956
vn 0.8145 0.1196 -0.5677
vn -0.8145 0.1196 -0.5677
vn 0.0928 0.1192 -0.9885
vn -0.0928 0.1192 -0.9885
vn 0.0441 -0.2019 -0.9784
vn -0.0441 -0.2019 -0.9784
vn 0.7905 -0.1493 -0.5940
vn -0.7905 -0.1493 -0.5940
vn 0.9663 -0.0782 0.2452
vn -0.9663 -0.0782 0.2452
vn 0.6142 -0.0431 0.7880
vn -0.6142 -0.0431 0.7880
vn -0.1553 -0.0589 0.9861
vn 0.1553 -0.0589 0.9861
vn -0.7932 -0.0746 0.6043
vn 0.7932 -0.0746 0.6043
vn -0.9886 -0.1466 0.0333
vn 0.9886 -0.1466 0.0333
vn -0.7137 -0.2088 -0.6686
vn 0.7137 -0.2088 -0.6686
vn -0.8338 0.0379 -0.5507
vn 0.8338 0.0379 -0.5507
vn -0.9950 0.0968 0.0235
vn 0.9950 0.0968 0.0235
vn -0.7506 0.2317 0.6189
vn 0.7506 0.2317 0.6189
vn 0.0646 0.3013 0.9513
vn -0.0646 0.3013 0.9513
vn 0.7830 0.1701 0.5983
vn -0.7830 0.1701 0.5983
vn 0.9960 0.0843 -0.0290
vn -0.9960 0.0843 -0.0290
vn 0.7115 0.0545 -0.7006
vn -0.7115 0.0545 -0.7006
vn -0.1575 0.0599 -0.9857
vn 0.1575 0.0599 -0.9857
vn 0.5375 -0.6156 -0.5762
vn -0.5375 -0.6156 -0.5762
vn 0.6347 -0.7665 -0.0980
vn -0.6347 -0.7665 -0.0980
vn -0.5655 -0.8243 0.0262
vn 0.5655 -0.8243 0.0262
vn -0.6812 -0.6184 -0.3918
vn 0.6812 -0.6184 -0.3918
vn 0.6545 0.2400 -0.7170
vn -0.6545 0.2400 -0.7170
vn 0.6848 0.7288 -0.0022
vn -0.6848 0.7288 -0.0022
vn -0.5394 0.7904 0.2904
vn 0.5394 0.7904 0.2904
vn -0.8375 0.2716 -0.4741
vn 0.8375 0.2716 -0.4741
vn 0.6210 -0.7434 -0.2486
vn -0.6210 -0.7434 -0.2486
vn -0.7672 -0.6372 0.0727
vn 0.7672 -0.6372 0.0727
vn 0.8716 0.4693 0.1418
vn -0.8716 0.4693 0.1418
vn -0.7476 0.5462 0.3778
vn 0.7476 0.5462 0.3778
vn -0.3305 0.7396 0.5864
vn 0.3305 0.7396 0.5864
vn 0.6354 0.7270 0.2603
vn -0.6354 0.7270 0.2603
vn -0.3178 -0.8202 0.4756
vn 0.3178 -0.8202 0.4756
vn 0.5837 -0.7724 0.2503
vn -0.5837 -0.7724 0.2503
vn 0.6344 -0.7381 -0.2296
vn -0.6344 -0.7381 -0.2296
vn -0.6739 -0.7354 0.0707
vn 0.6739 -0.7354 0.0707
vn 0.9341 0.2174 -0.2831
vn -0.9341 0.2174 -0.2831
vn -0.9678 0.2463 -0.0513
vn 0.9678 0.2463 -0.0513
vn 0.9851 0.0868 -0.1485
vn -0.9851 0.0868 -0.1485
vn 0.6717 0.0555 -0.7387
vn -0.6717 0.0555 -0.7387
vn -0.9768 -0.0750 0.2006
vn 0.9768 -0.0750 0.2006
vn -0.8728 0.0807 -0.4813
vn 0.8728 0.0807 -0.4813
vn 0.9633 0.0824 -0.2555
vn -0.9633 0.0824 -0.2555
vn -0.9967 0.0333 0.0744
vn 0.9967 0.0333 0.0744
vn -0.5089 -0.0959 0.8555
vn 0.5089 -0.0959 0.8555
vn 0.8918 -0.0245 0.4519
vn -0.8918 -0.0245 0.4519
vn 0.9397 0.0200 -0.3414
vn -0.9397 0.0200 -0.3414
vn -0.9996 0.0201 -0.0213
vn 0.9996 0.0201 -0.0213
vn -0.0578 -0.9975 -0.0396
vn 0.0578 -0.9975 -0.0396
vn -0.1016 -0.6881 -0.7185
vn 0.1016 -0.6881 -0.7185
vn 0.1640 0.9726 0.1647
vn -0.1640 0.9726 0.1647
vn -0.1763 0.3370 -0.9249
vn 0.1763 0.3370 -0.9249
vn -0.1233 -0.9915 0.0409
vn 0.1233 -0.9915 0.0409
vn 0.2343 0.7531 0.6147
vn -0.2343 0.7531 0.6147
vn 0.2781 0.7883 0.5489
vn -0.2781 0.7883 0.5489
vn 0.2092 -0.8556 0.4735
vn -0.2092 -0.8556 0.4735
vn -0.0349 -0.9991 0.0243
vn 0.0349 -0.9991 0.0243
vn -0.1631 0.0920 -0.9823
vn 0.1631 0.0920 -0.9823
vn 0.3840 -0.0980 0.9181
vn -0.3840 -0.0980 0.9181
vn 0.6147 -0.7547 -0.2291
vn -0.6147 -0.7547 -0.2291
vn -0.6821 -0.7310 -0.0184
vn 0.6821 -0.7310 -0.0184
vn 0.7493 0.6575 0.0794
vn -0.7493 0.6575 0.0794
vn -0.5108 0.7727 0.3767
vn 0.5108 0.7727 0.3767
vn 0.9640 0.1077 -0.2431
vn -0.9640 0.1077 -0.2431
vn -0.9908 0.0261 0.1327
vn 0.9908 0.0261 0.1327
vn -0.1359 -0.9898 -0.0434
vn 0.1359 -0.9898 -0.0434
vn 0.2728 0.8886 0.3687
vn -0.2728 0.8886 0.3687
vn 0.4831 -0.0241 0.8752
vn -0.4831 -0.0241 0.8752
vn -0.0000 0.0646 0.9979
vn 0.4761 -0.0097 0.8794
vn -0.4761 -0.0097 0.8794
vn 0.4426 -0.0504 0.8953
vn -0.4426 -0.0504 0.8953
vn -0.0000 -0.1916 0.9815
vn -0.0000 0.7154 0.6987
vn 0.2786 0.7641 0.5818
vn -0.2786 0.7641 0.5818
vn 0.3319 -0.7192 0.6104
vn -0.3319 -0.7192 0.6104
vn -0.0000 -0.7800 0.6258
vn 0.5284 0.1403 0.8373
vn -0.5284 0.1403 0.8373
vn -0.0000 -0.0698 0.9976
vn 0.4788 0.0172 0.8778
vn -0.4788 0.0172 0.8778
vn -0.0000 -0.0408 0.9992
vn -0.0000 -0.1955 0.9807
vn 0.4960 -0.1402 0.8570
vn -0.4960 -0.1402 0.8570
vn 0.5726 -0.0612 0.8175
vn -0.5726 -0.0612 0.8175
vn 0.9430 0.2360 -0.2345
vn -0.9430 0.2360 -0.2345
vn 0.2031 0.0934 0.9747
vn -0.2031 0.0934 0.9747
vn 0.9719 0.0919 -0.2169
vn -0.9719 0.0919 -0.2169
vn 0.2087 -0.0666 0.9757
vn -0.2087 -0.0666 0.9757
vn 0.5325 -0.1889 0.8251
vn -0.5325 -0.1889 0.8251
vn 0.8359 -0.0466 -0.5469
vn -0.8359 -0.0466 -0.5469
vn 0.5810 0.0205 0.8136
vn -0.5810 0.0205 0.8136
vn 0.8163 0.2156 -0.5359
vn -0.8163 0.2156 -0.5359
vn 0.6384 -0.1898 0.7459
vn -0.6384 -0.1898 0.7459
vn 0.7594 -0.0177 -0.6504
vn -0.7594 -0.0177 -0.6504
vn 0.6634 -0.0997 0.7416
vn -0.6634 -0.0997 0.7416
vn 0.7592 0.0866 -0.6450
vn -0.7592 0.0866 -0.6450
vn 0.5506 -0.0359 -0.8340
vn -0.5506 -0.0359 -0.8340
vn 0.8022 -0.2983 0.5171
vn -0.8022 -0.2983 0.5171
vn 0.7125 -0.4529 0.5360
vn -0.7125 -0.4529 0.5360
vn 0.4786 -0.2434 -0.8436
vn -0.4786 -0.2434 -0.8436
vn -0.6573 -0.3684 0.6574
vn -0.7692 -0.6313 0.0990
vn -0.2018 0.0522 0.9780
vn -0.4714 -0.6413 -0.6054
vn 0.5272 0.4390 0.7276
vn 0.8893 0.4540 -0.0560
vn 0.1857 -0.3129 -0.9315
vn 0.7117 0.1035 -0.6948
vn 0.6573 -0.3684 0.6574
vn 0.7692 -0.6313 0.0990
vn 0.2018 0.0522 0.9780
vn 0.4714 -0.6413 -0.6054
vn -0.5272 0.4390 0.7276
vn -0.8893 0.4540 -0.0560
vn -0.1857 -0.3129 -0.9315
vn -0.7117 0.1035 -0.6948
vt 0.000000 0.000000
vt 1.000000 0.000000
vt 1.000000 1.000000
vt 0.000000 1.000000
vt 1.000000 0.500000
vt 0.000000 0.500000
vt 0.999998 0.499998
vt -0.000001 0.500000
vt 1.000000 0.500001
vt 0.000000 0.500001
vt 0.500000 1.000002
vt 0.500000 -0.000002
vt 0.500000 1.000000
vt 0.500000 0.000002
vt 0.250000 1.000003
vt 0.250000 0.000001
vt 0.250000 1.000000
vt 0.250000 0.000002
vt 1.000000 0.500000
vt 0.000000 0.500000
vt 0.000000 0.500000
vt 0.000000 0.500000
vt 1.000000 0.500000
vt 0.499998 0.499999
vt 0.750000 1.000000
vt 0.749998 0.499999
vt 1.000000 0.250000
vt 0.000000 0.250000
vt 1.000000 0.500000
vt 0.000000 0.500000
vt 0.999999 0.499999
vt 0.500000 0.500000
vt 0.499999 0.500000
vt 0.500000 -0.000002
vt 0.500000 1.000000
vt 0.500000 -0.000000
vt 0.500000 1.000000
vt 1.000000 0.500000
vt -0.000000 0.500000
vt 0.999999 0.500000
vt 0.000000 0.500000
vt 1.000000 0.500000
vt 1.000000 0.500000
vt -0.000000 0.500000
vt 1.000000 0.500000
vt -0.000001 0.500000
vt 1.000000 0.500000
vt -0.000000 0.500000
vt -0.000000 0.500000
vt -0.000000 0.500000
vt 0.000000 0.500000
vt -0.000000 0.500000
vt -0.000000 0.500000
vt 1.000000 0.500000
vt -0.000000 0.500000
vt 1.000000 0.500000
vt -0.000000 0.500000
vt -0.000000 0.500000
vt -0.000000 0.500000
vt 1.000000 0.500000
vt 0.000000 0.500000
vt -0.000000 0.250000
vt 0.000000 0.250000
vt 0.000000 0.250000
vt 1.000000 0.250000
vt 0.000000 0.250000
vt 0.000000 0.250000
vt 1.000000 0.250000
vt 0.000000 0.250000
vt 0.000000 0.250000
vt 1.000000 0.250000
vt -0.000000 0.250000
vt 0.500000 1.000000
vt 0.500000 0.000000
vt -0.000000 0.500000
vt 0.500000 1.000000
vt 0.500000 0.000000
vt 0.000000 0.500000
vt -0.000000 0.750000
vt 1.000000 0.750000
vt 0.000000 0.750000
vt 1.000000 0.750000
vt -0.000000 0.750000
vt 1.000000 0.750000
vt -0.000000 0.750000
vt -0.000000 0.750000
vt 1.000000 0.750000
vt -0.000000 0.750000
vt 0.000000 0.750000
vt 0.000000 0.750000
vt 1.000000 0.750000
vt 0.250001 1.000000
vt 0.250001 -0.000000
vt 0.500000 0.000000
vt 0.749999 1.000000
vt 0.749999 -0.000000
vt 0.250000 0.500000
vt -0.000000 0.500000
vt 0.250000 0.000000
vt 0.500000 0.500000
vt 0.250000 0.500000
vt 0.750000 0.500000
vt 0.750000 0.000000
vt 1.000000 0.500000
vt 0.750000 -0.000000
vt 0.500000 -0.000000
vt 0.000000 0.250000
vt 1.000000 0.250000
vt 0.000000 0.750000
vt 0.500000 0.750000
vt 0.500000 0.500000
vt 0.500000 0.750000
vt 0.000000 0.500000
vt 0.500000 0.500000
vt 1.000000 0.500001
vt 0.000000 0.499999
vt 0.500000 0.499999
vt 1.000000 0.499999
vt 1.000000 0.499999
vt 0.750000 0.499999
vt 0.750000 1.000001
vt 0.500000 0.500000
vt 0.750000 0.000001
vt 0.750000 0.499998
vt 0.250000 0.499999
vt -0.000000 0.499999
vt 0.250000 -0.000000
vt 0.250000 0.499998
vt 0.500000 0.250000
vt 0.000000 0.250000
vt 0.750000 0.500000
vt 0.750000 1.000000
vt 0.500000 0.500000
vt 0.750000 -0.000000
vt 0.750000 0.500000
vt 1.000000 0.500001
vt 0.000000 0.500001
vt 0.500000 0.500001
vt 0.499996 1.000000
vt 0.499997 0.500001
vt 0.855352 0.382288
vt 0.499997 1.000000
vt 0.499996 0.500000
vt 0.999999 0.500000
vt 0.000001 0.500000
vt 1.000001 0.500000
vt 0.000000 0.500000
vt 0.000000 0.500000
vt 0.000001 0.500000
vt 0.000001 0.500000
vt -0.000000 0.500000
vt 1.000000 0.500000
vt 0.999999 0.500000
vt -0.000000 0.500000
vt 1.000000 0.500000
vt -0.000000 0.500000
vt -0.000000 0.500000
vt 0.999999 0.500000
vt 0.000000 0.500000
vt 1.000000 0.500000
vt 0.999999 0.500000
vt 0.000000 0.500000
s 1
usemtl Human
f 81/1/81 21/2/21 79/3/79
f 80/3/80 22/2/22 82/1/82
f 85/1/85 71/2/71 17/3/17
f 18/3/18 72/2/72 86/1/86
f 83/1/83 19/2/19 21/3/21 81/4/81
f 22/3/22 20/2/20 84/1/84 82/4/82
f 85/1/85 17/2/17 19/3/19 83/4/83
f 20/3/20 18/2/18 86/1/86 84/4/84
f 17/1/17 71/2/71 53/3/53 39/4/39
f 54/3/54 72/2/72 18/1/18 40/4/40
f 19/1/19 17/2/17 39/3/39 41/4/41
f 40/3/40 18/2/18 20/1/20 42/4/42
f 71/1/71 73/2/73 51/3/51 53/4/53
f 52/3/52 74/2/74 72/1/72 54/4/54
f 73/1/73 75/2/75 49/3/49 51/4/51
f 50/3/50 76/2/76 74/1/74 52/4/52
f 21/1/21 19/2/19 41/3/41 43/4/43
f 42/3/42 20/2/20 22/1/22 44/4/44
f 77/1/77 79/2/79 45/3/45 47/4/47
f 46/3/46 80/2/80 78/1/78 48/4/48
f 75/1/75 77/2/77 47/3/47 49/4/49
f 48/3/48 78/2/78 76/1/76 50/4/50
f 79/1/79 21/2/21 43/3/43 45/4/45
f 44/3/44 22/2/22 80/1/80 46/4/46
f 59/1/59 81/2/81 79/3/79 57/4/57
f 80/3/80 82/2/82 60/1/60 58/4/58
f 55/1/55 77/2/77 75/3/75 61/4/61
f 76/3/76 78/2/78 56/1/56 62/4/62
f 57/1/57 79/2/79 77/3/77 55/4/55
f 78/3/78 80/2/80 58/1/58 56/4/56
f 65/1/65 83/2/83 81/3/81 59/4/59
f 82/3/82 84/2/84 66/1/66 60/4/60
f 61/1/61 75/2/75 73/3/73 63/4/63
f 74/3/74 76/2/76 62/1/62 64/4/64
f 63/1/63 73/2/73 71/3/71 69/4/69
f 72/3/72 74/2/74 64/1/64 70/4/70
f 67/1/67 85/2/85 83/3/83 65/4/65
f 84/3/84 86/2/86 68/1/68 66/4/66
f 69/1/69 71/2/71 85/3/85 67/4/67
f 86/3/86 72/2/72 70/1/70 68/4/68
f 117/1/117 103/2/103 101/3/101 87/4/87
f 102/3/102 104/2/104 118/1/118 88/4/88
f 115/1/115 117/2/117 87/3/87 89/4/89
f 88/3/88 118/2/118 116/1/116 90/4/90
f 103/1/103 105/2/105 99/3/99 101/4/101
f 100/3/100 106/2/106 104/1/104 102/4/102
f 105/1/105 107/2/107 97/3/97 99/4/99
f 98/3/98 108/2/108 106/1/106 100/4/100
f 113/1/113 115/2/115 89/3/89 91/4/91
f 90/3/90 116/2/116 114/1/114 92/4/92
f 109/1/109 111/2/111 93/3/93 95/4/95
f 94/3/94 112/2/112 110/1/110 96/4/96
f 107/1/107 109/2/109 95/3/95 97/4/97
f 96/3/96 110/2/110 108/1/108 98/4/98
f 111/1/111 113/2/113 91/3/91 93/4/93
f 92/3/92 114/2/114 112/1/112 94/4/94
f 111/1/111 109/2/109 209/3/209 131/4/131
f 210/3/210 110/2/110 112/1/112 132/4/132
f 113/1/113 111/2/111 131/3/131 129/4/129
f 132/3/132 112/2/112 114/1/114 130/4/130
f 115/1/115 113/2/113 129/3/129 127/4/127
f 130/3/130 114/2/114 116/1/116 128/4/128
f 117/1/117 115/2/115 127/3/127 119/4/119
f 128/3/128 116/2/116 118/1/118 120/4/120
f 103/1/103 117/2/117 119/3/119 121/4/121
f 120/3/120 118/2/118 104/1/104 122/4/122
f 105/1/105 103/2/103 121/3/121 123/4/123
f 122/3/122 104/2/104 106/1/106 124/4/124
f 107/1/107 105/2/105 123/3/123 125/4/125
f 124/3/124 106/2/106 108/1/108 126/4/126
f 109/1/109 107/2/107 125/3/125 209/4/209
f 126/3/126 108/2/108 110/1/110 210/4/210
f 153/1/153 175/2/175 169/3/169 139/4/139
f 170/3/170 176/2/176 154/1/154 140/4/140
f 175/1/175 155/2/155 141/3/141 169/4/169
f 142/3/142 156/2/156 176/1/176 170/4/170
f 137/1/137 171/2/171 175/3/175 153/4/153
f 176/3/176 172/2/172 138/1/138 154/4/154
f 171/1/171 143/2/143 155/3/155 175/4/175
f 156/3/156 144/2/144 172/1/172 176/4/176
f 163/1/163 177/2/177 173/3/173 148/4/148
f 173/3/173 178/2/178 164/1/164 148/4/148
f 177/1/177 165/2/165 149/3/149 173/4/173
f 149/3/149 166/2/166 178/1/178 173/4/173
f 139/1/139 169/2/169 177/3/177 163/4/163
f 178/3/178 170/2/170 140/1/140 164/4/164
f 169/1/169 141/2/141 165/3/165 177/4/177
f 166/3/166 142/2/142 170/1/170 178/4/178
f 161/1/161 179/2/179 171/3/171 137/4/137
f 172/3/172 180/2/180 162/1/162 138/4/138
f 179/1/179 167/2/167 143/3/143 171/4/171
f 144/3/144 168/2/168 180/1/180 172/4/172
f 147/1/147 174/2/174 179/3/179 161/4/161
f 180/3/180 174/2/174 147/1/147 162/4/162
f 174/1/174 150/2/150 167/3/167 179/4/179
f 168/3/168 150/2/150 174/1/174 180/4/180
f 133/1/133 181/2/181 187/3/187 151/4/151
f 188/3/188 182/2/182 134/1/134 152/4/152
f 181/1/181 137/2/137 153/3/153 187/4/187
f 154/3/154 138/2/138 182/1/182 188/4/188
f 139/1/139 183/2/183 187/3/187 153/4/153
f 188/3/188 184/2/184 140/1/140 154/4/154
f 183/1/183 135/2/135 151/3/151 187/4/187
f 152/3/152 136/2/136 184/1/184 188/4/188
f 163/1/163 189/2/189 183/3/183 139/4/139
f 184/3/184 190/2/190 164/1/164 140/4/140
f 189/1/189 159/2/159 135/3/135 183/4/183
f 136/3/136 160/2/160 190/1/190 184/4/184
f 148/1/148 185/2/185 189/3/189 163/4/163
f 190/3/190 185/2/185 148/1/148 164/4/164
f 185/1/185 146/2/146 159/3/159 189/4/189
f 160/3/160 146/2/146 185/1/185 190/4/190
f 181/1/181 133/2/133 157/3/157 191/4/191
f 158/3/158 134/2/134 182/1/182 192/4/192
f 191/1/191 161/2/161 137/3/137 181/4/181
f 138/3/138 162/2/162 192/1/192 182/4/182
f 145/1/145 186/2/186 191/3/191 157/4/157
f 192/3/192 186/2/186 145/1/145 158/4/158
f 186/1/186 147/2/147 161/3/161 191/4/191
f 162/3/162 147/2/147 186/1/186 192/4/192
f 149/1/149 165/2/165 193/3/193 195/4/195
f 194/3/194 166/2/166 149/1/149 195/4/195
f 165/1/165 141/2/141 131/3/131 193/4/193
f 132/3/132 142/2/142 166/1/166 194/4/194
f 167/1/167 150/2/150 203/3/203 201/4/201
f 203/3/203 150/2/150 168/1/168 202/4/202
f 143/1/143 167/2/167 201/3/201 127/4/127
f 202/3/202 168/2/168 144/1/144 128/4/128
f 155/1/155 143/2/143 127/3/127 129/4/129
f 128/3/128 144/2/144 156/1/156 130/4/130
f 141/1/141 155/2/155 129/3/129 131/4/131
f 130/3/130 156/2/156 142/1/142 132/4/132
f 125/1/125 196/2/196 199/3/199 204/4/204
f 200/3/200 197/2/197 126/1/126 205/4/205
f 204/1/204 199/2/199 198/3/198 206/4/206
f 198/3/198 200/2/200 205/1/205 206/4/206
f 196/1/196 125/2/125 123/3/123 207/4/207
f 124/3/124 126/2/126 197/1/197 208/4/208
f 131/1/131 209/2/209 211/3/211 193/4/193
f 212/3/212 210/2/210 132/1/132 194/4/194
f 209/1/209 125/2/125 204/3/204 211/4/211
f 205/3/205 126/2/126 210/1/210 212/4/212
f 193/1/193 211/2/211 213/3/213 195/4/195
f 213/3/213 212/2/212 194/1/194 195/4/195
f 211/1/211 204/2/204 206/3/206 213/4/213
f 206/3/206 205/2/205 212/1/212 213/4/213
f 207/1/207 123/2/123 121/3/121 214/4/214
f 122/3/122 124/2/124 208/1/208 215/4/215
f 121/1/121 218/2/218 220/3/220 214/4/214
f 221/3/221 219/2/219 122/1/122 215/4/215
f 218/1/218 216/2/216 217/3/217 220/4/220
f 217/3/217 216/2/216 219/1/219 221/4/221
f 203/1/203 222/2/222 223/3/223 201/4/201
f 224/3/224 222/2/222 203/1/203 202/4/202
f 222/1/222 216/2/216 218/3/218 223/4/223
f 219/3/219 216/2/216 222/1/222 224/4/224
f 201/1/201 223/2/223 119/3/119 127/4/127
f 120/3/120 224/2/224 202/1/202 128/4/128
f 223/1/223 218/2/218 121/3/121 119/4/119
f 122/3/122 219/2/219 224/1/224 120/4/120
f 7/1/7 9/2/9 225/3/225 227/4/227
f 226/3/226 10/2/10 8/1/8 228/4/228
f 231/1/231 233/2/233 235/3/235 229/4/229
f 236/3/236 234/2/234 232/1/232 230/4/230
f 237/1/237 241/2/241 7/3/7 227/4/227
f 8/3/8 242/2/242 238/1/238 228/4/228
f 15/1/15 1/2/1 253/3/253 243/4/243
f 254/3/254 2/2/2 16/1/16 244/4/244
f 13/1/13 15/2/15 243/3/243 245/4/245
f 244/3/244 16/2/16 14/1/14 246/4/246
f 1/1/1 3/2/3 251/3/251 253/4/253
f 252/3/252 4/2/4 2/1/2 254/4/254
f 3/1/3 5/2/5 249/3/249 251/4/251
f 250/3/250 6/2/6 4/1/4 252/4/252
f 11/1/11 13/2/13 245/3/245 247/4/247
f 246/3/246 14/2/14 12/1/12 248/4/248
f 5/1/5 7/2/7 241/3/241 249/4/249
f 242/3/242 8/2/8 6/1/6 250/4/250
f 259/1/259 265/2/265 263/3/263 261/4/261
f 264/3/264 266/2/266 260/1/260 262/4/262
f 229/1/229 235/2/235 279/3/279 277/4/277
f 280/3/280 236/2/236 230/1/230 278/4/278
f 277/1/277 279/2/279 237/3/237 227/4/227
f 238/3/238 280/2/280 278/1/278 228/4/228
f 225/1/225 239/2/239 281/3/281 275/4/275
f 282/3/282 240/2/240 226/1/226 276/4/276
f 275/1/275 281/2/281 233/3/233 231/4/231
f 234/3/234 282/2/282 276/1/276 232/4/232
f 239/1/239 237/2/237 279/3/279 281/4/281
f 280/3/280 238/2/238 240/1/240 282/4/282
f 281/1/281 279/2/279 235/3/235 233/4/233
f 236/3/236 280/2/280 282/1/282 234/4/234
f 227/1/227 225/2/225 275/3/275 277/4/277
f 276/3/276 226/2/226 228/1/228 278/4/278
f 277/1/277 275/2/275 231/3/231 229/4/229
f 232/3/232 276/2/276 278/1/278 230/4/230
f 9/1/9 283/2/283 239/3/239 225/4/225
f 240/3/240 284/2/284 10/1/10 226/4/226
f 9/1/9 11/2/11 247/3/247 283/4/283
f 248/3/248 12/2/12 10/1/10 284/4/284
f 241/1/241 237/2/237 295/3/295 293/4/293
f 296/3/296 238/2/238 242/1/242 294/4/294
f 293/1/293 295/2/295 267/3/267 257/4/257
f 268/3/268 296/2/296 294/1/294 258/4/258
f 249/1/249 241/2/241 293/3/293 297/4/297
f 294/3/294 242/2/242 250/1/250 298/4/298
f 297/1/297 293/2/293 257/3/257 255/4/255
f 258/3/258 294/2/294 298/1/298 256/4/256
f 251/1/251 249/2/249 297/3/297 299/4/299
f 298/3/298 250/2/250 252/1/252 300/4/300
f 299/1/299 297/2/297 255/3/255 273/4/273
f 256/3/256 298/2/298 300/1/300 274/4/274
f 237/1/237 239/2/239 301/3/301 295/4/295
f 302/3/302 240/2/240 238/1/238 296/4/296
f 295/1/295 301/2/301 269/3/269 267/4/267
f 270/3/270 302/2/302 296/1/296 268/4/268
f 239/1/239 283/2/283 303/3/303 301/4/301
f 304/3/304 284/2/284 240/1/240 302/4/302
f 301/1/301 303/2/303 271/3/271 269/4/269
f 272/3/272 304/2/304 302/1/302 270/4/270
f 245/1/245 305/2/305 307/3/307 247/4/247
f 308/3/308 306/2/306 246/1/246 248/4/248
f 305/1/305 289/2/289 287/3/287 307/4/307
f 288/3/288 290/2/290 306/1/306 308/4/308
f 243/1/243 309/2/309 305/3/305 245/4/245
f 306/3/306 310/2/310 244/1/244 246/4/246
f 309/1/309 291/2/291 289/3/289 305/4/305
f 290/3/290 292/2/292 310/1/310 306/4/306
f 253/1/253 311/2/311 309/3/309 243/4/243
f 310/3/310 312/2/312 254/1/254 244/4/244
f 311/1/311 285/2/285 291/3/291 309/4/309
f 292/3/292 286/2/286 312/1/312 310/4/310
f 251/1/251 299/2/299 311/3/311 253/4/253
f 312/3/312 300/2/300 252/1/252 254/4/254
f 299/1/299 273/2/273 285/3/285 311/4/311
f 286/3/286 274/2/274 300/1/300 312/4/312
f 247/1/247 307/2/307 303/3/303 283/4/283
f 304/3/304 308/2/308 248/1/248 284/4/284
f 307/1/307 287/2/287 271/3/271 303/4/303
f 272/3/272 288/2/288 308/1/308 304/4/304
f 261/1/261 263/2/263 321/3/321 943/4/943
f 322/3/322 264/2/264 262/1/262 944/4/944
f 319/1/319 321/2/321 323/3/323 939/4/939
f 324/3/324 322/2/322 320/1/320 940/4/940
f 317/1/317 323/2/323 269/3/269 255/4/255
f 270/3/270 324/2/324 318/1/318 256/4/256
f 257/1/257 267/2/267 327/3/327 313/4/313
f 328/3/328 268/2/268 258/1/258 314/4/314
f 941/1/941 327/2/327 325/3/325 315/4/315
f 326/3/326 328/2/328 942/1/942 316/4/316
f 945/1/945 325/2/325 265/3/265 259/4/259
f 266/3/266 326/2/326 946/1/946 260/4/260
f 267/1/267 269/2/269 323/3/323 327/4/327
f 324/3/324 270/2/270 268/1/268 328/4/328
f 327/1/327 323/2/323 321/3/321 325/4/325
f 322/3/322 324/2/324 328/1/328 326/4/326
f 325/1/325 321/2/321 263/3/263 265/4/265
f 264/3/264 322/2/322 326/1/326 266/4/266
f 255/1/255 257/2/257 313/3/313 317/4/317
f 314/3/314 258/2/258 256/1/256 318/4/318
f 939/1/939 941/2/941 315/3/315 319/4/319
f 316/3/316 942/2/942 940/1/940 320/4/320
f 943/1/943 945/2/945 259/3/259 261/4/261
f 260/3/260 946/2/946 944/1/944 262/4/262
f 949/1/949 947/2/947 351/3/351 349/4/349
f 352/3/352 948/2/948 950/1/950 350/4/350
f 953/1/953 951/2/951 341/3/341 337/4/337
f 342/3/342 952/2/952 954/1/954 338/4/338
f 331/1/331 335/2/335 347/3/347 345/4/345
f 348/3/348 336/2/336 332/1/332 346/4/346
f 329/1/329 333/2/333 335/3/335 331/4/331
f 336/3/336 334/2/334 330/1/330 332/4/332
f 947/1/947 331/2/331 345/3/345 351/4/351
f 346/3/346 332/2/332 948/1/948 352/4/352
f 951/1/951 329/2/329 331/3/331 341/4/341
f 332/3/332 330/2/330 952/1/952 342/4/342
f 337/1/337 335/2/335 333/3/333 953/4/953
f 334/3/334 336/2/336 338/1/338 954/4/954
f 349/1/349 347/2/347 335/3/335 949/4/949
f 336/3/336 348/2/348 350/1/350 950/4/950
f 351/1/351 345/2/345 347/3/347 349/4/349
f 348/3/348 346/2/346 352/1/352 350/4/350
f 255/1/255 343/2/343 339/3/339 273/4/273
f 340/3/340 344/2/344 256/1/256 274/4/274
f 273/1/273 339/2/339 333/3/333 271/4/271
f 334/3/334 340/2/340 274/1/274 272/4/272
f 271/1/271 333/2/333 329/3/329 269/4/269
f 330/3/330 334/2/334 272/1/272 270/4/270
f 269/1/269 329/2/329 343/3/343 255/4/255
f 344/3/344 330/2/330 270/1/270 256/4/256
f 361/1/361 365/2/365 375/3/375 373/4/373
f 376/3/376 366/2/366 362/1/362 374/4/374
f 355/1/355 359/2/359 371/3/371 369/4/369
f 372/3/372 360/2/360 356/1/356 370/4/370
f 365/1/365 355/2/355 369/3/369 375/4/375
f 370/3/370 356/2/356 366/1/366 376/4/376
f 373/1/373 371/2/371 359/3/359 361/4/361
f 360/3/360 372/2/372 374/1/374 362/4/362
f 375/1/375 369/2/369 371/3/371 373/4/373
f 372/3/372 370/2/370 376/1/376 374/4/374
f 357/1/357 287/2/287 285/3/285 363/4/363
f 286/3/286 288/2/288 358/1/358 364/4/364
f 363/1/363 285/2/285 273/3/273 367/4/367
f 274/3/274 286/2/286 364/1/364 368/4/368
f 367/1/367 273/2/273 271/3/271 353/4/353
f 272/3/272 274/2/274 368/1/368 354/4/354
f 353/1/353 271/2/271 287/3/287 357/4/357
f 288/3/288 272/2/272 354/1/354 358/4/358
f 377/1/377 383/2/383 381/3/381 379/4/379
f 382/3/382 384/2/384 378/1/378 380/4/380
f 289/1/289 291/2/291 389/3/389 395/4/395
f 390/3/390 292/2/292 290/1/290 396/4/396
f 285/1/285 287/2/287 399/3/399 385/4/385
f 400/3/400 288/2/288 286/1/286 386/4/386
f 285/1/285 385/2/385 389/3/389 291/4/291
f 390/3/390 386/2/386 286/1/286 292/4/292
f 287/1/287 289/2/289 395/3/395 399/4/399
f 396/3/396 290/2/290 288/1/288 400/4/400
f 91/1/91 413/2/413 403/3/403 93/4/93
f 404/3/404 414/2/414 92/1/92 94/4/94
f 413/1/413 59/2/59 57/3/57 403/4/403
f 58/3/58 60/2/60 414/1/414 404/4/404
f 95/1/95 411/2/411 405/3/405 97/4/97
f 406/3/406 412/2/412 96/1/96 98/4/98
f 411/1/411 55/2/55 61/3/61 405/4/405
f 62/3/62 56/2/56 412/1/412 406/4/406
f 93/1/93 403/2/403 411/3/411 95/4/95
f 412/3/412 404/2/404 94/1/94 96/4/96
f 403/1/403 57/2/57 55/3/55 411/4/411
f 56/3/56 58/2/58 404/1/404 412/4/412
f 89/1/89 409/2/409 413/3/413 91/4/91
f 414/3/414 410/2/410 90/1/90 92/4/92
f 409/1/409 65/2/65 59/3/59 413/4/413
f 60/3/60 66/2/66 410/1/410 414/4/414
f 97/1/97 405/2/405 401/3/401 99/4/99
f 402/3/402 406/2/406 98/1/98 100/4/100
f 405/1/405 61/2/61 63/3/63 401/4/401
f 64/3/64 62/2/62 406/1/406 402/4/402
f 99/1/99 401/2/401 415/3/415 101/4/101
f 416/3/416 402/2/402 100/1/100 102/4/102
f 401/1/401 63/2/63 69/3/69 415/4/415
f 70/3/70 64/2/64 402/1/402 416/4/416
f 87/1/87 407/2/407 409/3/409 89/4/89
f 410/3/410 408/2/408 88/1/88 90/4/90
f 407/1/407 67/2/67 65/3/65 409/4/409
f 66/3/66 68/2/68 408/1/408 410/4/410
f 101/1/101 415/2/415 407/3/407 87/4/87
f 408/3/408 416/2/416 102/1/102 88/4/88
f 415/1/415 69/2/69 67/3/67 407/4/407
f 68/3/68 70/2/70 416/1/416 408/4/408
f 199/1/199 196/2/196 427/3/427 424/4/424
f 428/3/428 197/2/197 200/1/200 425/4/425
f 207/1/207 214/2/214 420/3/420 422/4/422
f 421/3/421 215/2/215 208/1/208 423/4/423
f 214/1/214 220/2/220 417/3/417 420/4/420
f 418/3/418 221/2/221 215/1/215 421/4/421
f 198/1/198 199/2/199 424/3/424 426/4/426
f 425/3/425 200/2/200 198/1/198 426/4/426
f 196/1/196 207/2/207 422/3/422 427/4/427
f 423/3/423 208/2/208 197/1/197 428/4/428
f 220/1/220 217/2/217 419/3/419 417/4/417
f 419/3/419 217/2/217 221/1/221 418/4/418
f 438/1/438 436/2/436 444/3/444 443/4/443
f 445/3/445 437/2/437 438/1/438 443/4/443
f 436/1/436 439/2/439 441/3/441 444/4/444
f 442/3/442 440/2/440 437/1/437 445/4/445
f 446/1/446 451/2/451 453/3/453 456/4/456
f 454/3/454 452/2/452 447/1/447 457/4/457
f 448/1/448 446/2/446 456/3/456 455/4/455
f 457/3/457 447/2/447 448/1/448 455/4/455
f 460/1/460 458/2/458 462/3/462 461/4/461
f 463/3/463 459/2/459 460/1/460 461/4/461
f 456/2/456 464/5/464 466/6/466 455/1/455
f 466/6/466 465/5/465 457/2/457 455/1/455
f 464/5/464 458/3/458 460/4/460 466/6/466
f 460/4/460 459/3/459 465/5/465 466/6/466
f 453/2/453 467/7/467 464/8/464 456/1/456
f 465/8/465 468/7/468 454/2/454 457/1/457
f 467/7/467 462/3/462 458/4/458 464/8/464
f 459/4/459 463/3/463 468/7/468 465/8/465
f 462/7/462 467/3/467 469/4/469 471/8/471
f 470/4/470 468/3/468 463/7/463 472/8/472
f 467/2/467 453/7/453 474/8/474 469/1/469
f 475/8/475 454/7/454 468/2/468 470/1/470
f 461/1/461 462/2/462 471/3/471 473/4/473
f 472/3/472 463/2/463 461/1/461 473/4/473
f 453/1/453 451/2/451 476/3/476 474/4/474
f 477/3/477 452/2/452 454/1/454 475/4/475
f 473/1/473 471/2/471 479/3/479 478/4/478
f 480/3/480 472/2/472 473/1/473 478/4/478
f 471/7/471 469/3/469 481/4/481 479/8/479
f 482/4/482 470/3/470 472/7/472 480/8/480
f 479/7/479 481/3/481 483/4/483 485/8/485
f 484/4/484 482/3/482 480/7/480 486/8/486
f 485/7/485 483/3/483 489/4/489 487/8/487
f 490/4/490 484/3/484 486/7/486 488/8/488
f 487/7/487 489/3/489 491/4/491 493/8/493
f 492/4/492 490/3/490 488/7/488 494/8/494
f 493/7/493 491/3/491 497/4/497 495/8/495
f 498/4/498 492/3/492 494/7/494 496/8/496
f 451/1/451 495/2/495 497/3/497 476/4/476
f 498/3/498 496/2/496 452/1/452 477/4/477
f 446/1/446 449/4/449 495/3/495 451/2/451
f 496/3/496 450/4/450 447/1/447 452/2/452
f 441/2/441 499/9/499 501/10/501 444/1/444
f 502/10/502 500/9/500 442/2/442 445/1/445
f 499/9/499 449/3/449 446/4/446 501/10/501
f 447/4/447 450/3/450 500/9/500 502/10/502
f 483/1/483 515/4/515 491/3/491 489/2/489
f 492/3/492 516/4/516 484/1/484 490/2/490
f 491/1/491 515/4/515 476/3/476 497/2/497
f 477/3/477 516/4/516 492/1/492 498/2/498
f 469/1/469 515/4/515 483/3/483 481/2/481
f 484/3/484 516/4/516 470/1/470 482/2/482
f 469/1/469 474/2/474 476/3/476 515/4/515
f 477/3/477 475/2/475 470/1/470 516/4/516
f 511/1/511 519/2/519 517/3/517 513/4/513
f 518/3/518 520/2/520 512/1/512 514/4/514
f 509/1/509 521/2/521 519/3/519 511/4/511
f 520/3/520 522/2/522 510/1/510 512/4/512
f 529/11/529 505/3/505 503/2/503 531/12/531
f 504/2/504 506/3/506 530/11/530 532/12/532
f 533/13/533 507/3/507 505/2/505 529/14/529
f 506/2/506 508/3/508 534/13/534 530/14/530
f 527/1/527 525/2/525 537/3/537 535/4/535
f 538/3/538 526/2/526 528/1/528 536/4/536
f 525/1/525 523/2/523 539/3/539 537/4/537
f 540/3/540 524/2/524 526/1/526 538/4/538
f 503/1/503 527/4/527 535/3/535 531/2/531
f 536/3/536 528/4/528 504/1/504 532/2/532
f 507/1/507 533/2/533 539/3/539 523/4/523
f 540/3/540 534/2/534 508/1/508 524/4/524
f 449/4/449 541/15/541 543/16/543 495/1/495
f 544/16/544 542/15/542 450/4/450 496/1/496
f 541/15/541 529/11/529 531/12/531 543/16/543
f 532/12/532 530/11/530 542/15/542 544/16/544
f 499/4/499 545/17/545 541/18/541 449/1/449
f 542/18/542 546/17/546 500/4/500 450/1/450
f 545/17/545 533/13/533 529/14/529 541/18/541
f 530/14/530 534/13/534 546/17/546 542/18/542
f 439/1/439 545/4/545 499/3/499 441/2/441
f 500/3/500 546/4/546 440/1/440 442/2/442
f 439/1/439 551/4/551 533/3/533 545/2/545
f 534/3/534 552/4/552 440/1/440 546/2/546
f 424/1/424 547/2/547 555/3/555 557/4/557
f 556/3/556 548/2/548 425/1/425 558/4/558
f 426/1/426 424/2/424 557/3/557 560/4/560
f 558/3/558 425/2/425 426/1/426 560/4/560
f 561/1/561 555/2/555 553/3/553 559/4/559
f 554/3/554 556/2/556 561/1/561 559/4/559
f 560/1/560 557/2/557 555/3/555 561/4/561
f 556/3/556 558/2/558 560/1/560 561/4/561
f 436/1/436 553/2/553 562/3/562 439/4/439
f 563/3/563 554/2/554 437/1/437 440/4/440
f 547/1/547 562/4/562 553/3/553 555/2/555
f 554/3/554 563/4/563 548/1/548 556/2/556
f 436/1/436 438/4/438 559/3/559 553/2/553
f 559/3/559 438/4/438 437/1/437 554/2/554
f 419/2/419 564/19/564 565/20/565 417/1/417
f 566/20/566 564/19/564 419/2/419 418/1/418
f 564/19/564 433/3/433 434/4/434 565/20/565
f 435/4/435 433/3/433 564/19/564 566/20/566
f 422/2/422 567/5/567 571/21/571 427/1/427
f 572/21/572 568/5/568 423/2/423 428/1/428
f 567/5/567 429/3/429 549/4/549 571/21/571
f 550/4/550 430/3/430 568/5/568 572/21/572
f 417/2/417 565/19/565 569/22/569 420/1/420
f 570/22/570 566/19/566 418/2/418 421/1/421
f 565/19/565 434/3/434 431/4/431 569/22/569
f 432/4/432 435/3/435 566/19/566 570/22/570
f 420/2/420 569/23/569 567/6/567 422/1/422
f 568/6/568 570/23/570 421/2/421 423/1/423
f 569/23/569 431/3/431 429/4/429 567/6/567
f 430/4/430 432/3/432 570/23/570 568/6/568
f 424/1/424 427/4/427 571/3/571 547/2/547
f 572/3/572 428/4/428 425/1/425 548/2/548
f 547/1/547 571/4/571 549/3/549 562/2/562
f 550/3/550 572/4/572 548/1/548 563/2/563
f 439/1/439 562/4/562 549/3/549 551/2/551
f 550/3/550 563/4/563 440/1/440 552/2/552
f 487/7/487 493/3/493 573/4/573 575/8/575
f 574/4/574 494/3/494 488/7/488 576/8/576
f 575/7/575 573/3/573 579/4/579 577/8/577
f 580/4/580 574/3/574 576/7/576 578/8/578
f 531/1/531 579/4/579 573/3/573 543/2/543
f 574/3/574 580/4/580 532/1/532 544/2/544
f 493/1/493 495/2/495 543/3/543 573/4/573
f 544/3/544 496/2/496 494/1/494 574/4/574
f 577/7/577 579/3/579 581/4/581 583/8/583
f 582/4/582 580/3/580 578/7/578 584/8/584
f 531/1/531 535/4/535 581/3/581 579/2/579
f 582/3/582 536/4/536 532/1/532 580/2/580
f 583/1/583 581/2/581 535/3/535 585/4/585
f 536/3/536 582/2/582 584/1/584 586/4/586
f 537/1/537 539/2/539 587/3/587 589/4/589
f 588/3/588 540/2/540 538/1/538 590/4/590
f 535/1/535 537/4/537 589/3/589 585/2/585
f 590/3/590 538/4/538 536/1/536 586/2/586
f 596/13/596 591/4/591 593/8/593 598/24/598
f 594/8/594 592/4/592 597/13/597 599/24/599
f 598/5/598 593/3/593 595/4/595 600/6/600
f 595/4/595 594/3/594 599/5/599 600/6/600
f 485/3/485 601/25/601 603/26/603 479/7/479
f 604/26/604 602/25/602 486/3/486 480/7/480
f 601/25/601 596/13/596 598/24/598 603/26/603
f 599/24/599 597/13/597 602/25/602 604/26/604
f 479/2/479 603/27/603 605/28/605 478/1/478
f 605/28/605 604/27/604 480/2/480 478/1/478
f 603/27/603 598/5/598 600/6/600 605/28/605
f 600/6/600 599/5/599 604/27/604 605/28/605
f 575/1/575 577/2/577 596/3/596 601/4/601
f 597/3/597 578/2/578 576/1/576 602/4/602
f 485/1/485 487/2/487 575/3/575 601/4/601
f 576/3/576 488/2/488 486/1/486 602/4/602
f 595/5/595 593/3/593 607/4/607 606/6/606
f 608/4/608 594/3/594 595/5/595 606/6/606
f 593/13/593 591/4/591 609/8/609 607/24/607
f 610/8/610 592/4/592 594/13/594 608/24/608
f 607/13/607 609/4/609 611/8/611 613/24/613
f 612/8/612 610/4/610 608/13/608 614/24/614
f 606/5/606 607/3/607 613/4/613 615/6/615
f 614/4/614 608/3/608 606/5/606 615/6/615
f 615/5/615 613/3/613 617/4/617 616/6/616
f 618/4/618 614/3/614 615/5/615 616/6/616
f 613/13/613 611/4/611 619/8/619 617/24/617
f 620/8/620 612/4/612 614/13/614 618/24/618
f 577/1/577 583/2/583 591/3/591 596/4/596
f 592/3/592 584/2/584 578/1/578 597/4/597
f 583/1/583 585/4/585 609/3/609 591/2/591
f 610/3/610 586/4/586 584/1/584 592/2/592
f 585/1/585 589/4/589 611/3/611 609/2/609
f 612/3/612 590/4/590 586/1/586 610/2/610
f 587/1/587 619/4/619 611/3/611 589/2/589
f 612/3/612 620/4/620 588/1/588 590/2/590
f 429/1/429 431/4/431 619/3/619 587/2/587
f 620/3/620 432/4/432 430/1/430 588/2/588
f 431/1/431 434/2/434 617/3/617 619/4/619
f 618/3/618 435/2/435 432/1/432 620/4/620
f 433/1/433 616/2/616 617/3/617 434/4/434
f 618/3/618 616/2/616 433/1/433 435/4/435
f 429/1/429 587/4/587 539/3/539 549/2/549
f 540/3/540 588/4/588 430/1/430 550/2/550
f 533/1/533 551/4/551 549/3/549 539/2/539
f 550/3/550 552/4/552 534/1/534 540/2/540
f 517/2/517 625/5/625 623/6/623 513/1/513
f 624/6/624 626/5/626 518/2/518 514/1/514
f 625/5/625 527/3/527 503/4/503 623/6/623
f 504/4/504 528/3/528 626/5/626 624/6/624
f 523/2/523 627/29/627 621/30/621 507/1/507
f 622/30/622 628/29/628 524/2/524 508/1/508
f 627/29/627 521/3/521 509/4/509 621/30/621
f 510/4/510 522/3/522 628/29/628 622/30/622
f 511/2/511 629/31/629 621/32/621 509/1/509
f 622/32/622 630/31/630 512/2/512 510/1/510
f 629/31/629 505/3/505 507/3/507 621/32/621
f 508/3/508 506/3/506 630/31/630 622/32/622
f 505/3/505 629/33/629 623/5/623 503/3/503
f 624/5/624 630/33/630 506/3/506 504/3/504
f 629/33/629 511/1/511 513/2/513 623/5/623
f 514/2/514 512/1/512 630/33/630 624/5/624
f 527/1/527 625/34/625 631/35/631 525/4/525
f 632/35/632 626/34/626 528/1/528 526/4/526
f 625/34/625 517/2/517 519/3/519 631/35/631
f 520/3/520 518/2/518 626/34/626 632/35/632
f 525/1/525 631/36/631 627/37/627 523/4/523
f 628/37/628 632/36/632 526/1/526 524/4/524
f 631/36/631 519/2/519 521/3/521 627/37/627
f 522/3/522 520/2/520 632/36/632 628/37/628
f 27/2/27 647/38/647 641/39/641 29/1/29
f 642/39/642 648/38/648 28/2/28 30/1/30
f 647/38/647 11/3/11 9/4/9 641/39/641
f 10/4/10 12/3/12 648/38/648 642/39/642
f 31/2/31 635/40/635 643/41/643 33/1/33
f 644/41/644 636/40/636 32/2/32 34/1/34
f 635/40/635 7/3/7 5/4/5 643/41/643
f 6/4/6 8/3/8 636/40/636 644/41/644
f 29/2/29 641/42/641 635/6/635 31/1/31
f 636/6/636 642/42/642 30/2/30 32/1/32
f 641/42/641 9/3/9 7/4/7 635/6/635
f 8/4/8 10/3/10 642/42/642 636/6/636
f 25/2/25 633/43/633 647/44/647 27/1/27
f 648/44/648 634/43/634 26/2/26 28/1/28
f 633/43/633 13/3/13 11/4/11 647/44/647
f 12/4/12 14/3/14 634/43/634 648/44/648
f 33/2/33 643/45/643 637/46/637 35/1/35
f 638/46/638 644/45/644 34/2/34 36/1/36
f 643/45/643 5/3/5 3/4/3 637/46/637
f 4/4/4 6/3/6 644/45/644 638/46/638
f 1/2/1 639/47/639 637/48/637 3/1/3
f 638/48/638 640/47/640 2/2/2 4/1/4
f 639/47/639 37/3/37 35/4/35 637/48/637
f 36/4/36 38/3/38 640/47/640 638/48/638
f 23/2/23 645/5/645 633/49/633 25/1/25
f 634/49/634 646/5/646 24/2/24 26/1/26
f 645/5/645 15/3/15 13/4/13 633/49/633
f 14/4/14 16/3/16 646/5/646 634/49/634
f 639/50/639 1/1/1 15/2/15 645/5/645
f 16/2/16 2/1/2 640/50/640 646/5/646
f 645/5/645 23/3/23 37/4/37 639/50/639
f 38/4/38 24/3/24 646/5/646 640/50/640
f 681/5/681 683/51/683 679/4/679 665/3/665
f 680/4/680 684/51/684 682/5/682 666/3/666
f 685/5/685 681/52/681 665/4/665 667/3/667
f 666/4/666 682/52/682 686/5/686 668/3/668
f 687/5/687 685/53/685 667/4/667 669/3/669
f 668/4/668 686/53/686 688/5/688 670/3/670
f 689/54/689 687/55/687 669/4/669 671/3/671
f 670/4/670 688/55/688 690/54/690 672/3/672
f 691/56/691 689/57/689 671/4/671 673/3/673
f 672/4/672 690/57/690 692/56/692 674/3/674
f 693/5/693 691/58/691 673/4/673 675/3/675
f 674/4/674 692/58/692 694/5/694 676/3/676
f 695/5/695 693/59/693 675/4/675 677/3/677
f 676/4/676 694/59/694 696/5/696 678/3/678
f 683/60/683 695/61/695 677/4/677 679/3/679
f 678/4/678 696/61/696 684/60/684 680/3/680
f 661/2/661 698/1/698 697/52/697 663/5/663
f 697/52/697 698/1/698 662/2/662 664/5/664
f 659/2/659 699/1/699 698/53/698 661/5/661
f 698/53/698 699/1/699 660/2/660 662/5/662
f 663/2/663 649/1/649 702/62/702 700/27/700
f 703/62/703 650/1/650 664/2/664 701/27/701
f 700/27/700 702/62/702 683/51/683 681/5/681
f 684/51/684 703/62/703 701/27/701 682/5/682
f 661/2/661 663/1/663 700/63/700 704/27/704
f 701/63/701 664/1/664 662/2/662 705/27/705
f 704/27/704 700/63/700 681/52/681 685/5/685
f 682/52/682 701/63/701 705/27/705 686/5/686
f 659/2/659 661/1/661 704/64/704 706/65/706
f 705/64/705 662/1/662 660/2/660 707/65/707
f 706/65/706 704/64/704 685/53/685 687/5/687
f 686/53/686 705/64/705 707/65/707 688/5/688
f 657/2/657 659/1/659 706/66/706 708/27/708
f 707/66/707 660/1/660 658/2/658 709/27/709
f 708/27/708 706/66/706 687/55/687 689/54/689
f 688/55/688 707/66/707 709/27/709 690/54/690
f 655/2/655 657/1/657 708/67/708 710/68/710
f 709/67/709 658/1/658 656/2/656 711/68/711
f 710/68/710 708/67/708 689/57/689 691/56/691
f 690/57/690 709/67/709 711/68/711 692/56/692
f 653/2/653 655/1/655 710/69/710 712/27/712
f 711/69/711 656/1/656 654/2/654 713/27/713
f 712/27/712 710/69/710 691/58/691 693/5/693
f 692/58/692 711/69/711 713/27/713 694/5/694
f 651/2/651 653/1/653 712/70/712 714/71/714
f 713/70/713 654/1/654 652/2/652 715/71/715
f 714/71/714 712/70/712 693/59/693 695/5/695
f 694/59/694 713/70/713 715/71/715 696/5/696
f 649/2/649 651/1/651 714/72/714 702/27/702
f 715/72/715 652/1/652 650/2/650 703/27/703
f 702/27/702 714/72/714 695/61/695 683/60/683
f 696/61/696 715/72/715 703/27/703 684/60/684
f 657/1/657 716/4/716 699/3/699 659/2/659
f 699/3/699 716/4/716 658/1/658 660/2/660
f 649/1/649 663/2/663 697/3/697 717/4/717
f 697/3/697 664/2/664 650/1/650 717/4/717
f 146/1/146 720/6/720 718/5/718 159/2/159
f 719/5/719 720/6/720 146/1/146 160/2/160
f 720/6/720 716/4/716 657/3/657 718/5/718
f 658/3/658 716/4/716 720/6/720 719/5/719
f 159/4/159 718/73/718 721/74/721 135/1/135
f 722/74/722 719/73/719 160/4/160 136/1/136
f 718/73/718 657/3/657 655/2/655 721/74/721
f 656/2/656 658/3/658 719/73/719 722/74/722
f 135/1/135 721/75/721 723/5/723 151/2/151
f 724/5/724 722/75/722 136/1/136 152/2/152
f 721/75/721 655/4/655 653/3/653 723/5/723
f 654/3/654 656/4/656 722/75/722 724/5/724
f 151/4/151 723/76/723 725/77/725 133/1/133
f 726/77/726 724/76/724 152/4/152 134/1/134
f 723/76/723 653/3/653 651/2/651 725/77/725
f 652/2/652 654/3/654 724/76/724 726/77/726
f 133/1/133 725/78/725 727/47/727 157/2/157
f 728/47/728 726/78/726 134/1/134 158/2/158
f 725/78/725 651/4/651 649/3/649 727/47/727
f 650/3/650 652/4/652 726/78/726 728/47/728
f 157/2/157 727/5/727 729/6/729 145/1/145
f 729/6/729 728/5/728 158/2/158 145/1/145
f 727/5/727 649/3/649 717/4/717 729/6/729
f 717/4/717 650/3/650 728/5/728 729/6/729
f 677/61/677 746/79/746 748/80/748 679/60/679
f 749/80/749 747/79/747 678/61/678 680/60/680
f 746/79/746 732/4/732 730/3/730 748/80/748
f 731/3/731 733/4/733 747/79/747 749/80/749
f 675/59/675 750/81/750 746/82/746 677/5/677
f 747/82/747 751/81/751 676/59/676 678/5/678
f 750/81/750 734/4/734 732/3/732 746/82/746
f 733/3/733 735/4/735 751/81/751 747/82/747
f 673/58/673 752/83/752 750/84/750 675/5/675
f 751/84/751 753/83/753 674/58/674 676/5/676
f 766/83/766 736/4/736 734/3/734 750/84/750
f 735/3/735 737/4/737 767/83/767 751/84/751
f 671/57/671 754/85/754 752/82/752 673/56/673
f 753/82/753 755/85/755 672/57/672 674/56/674
f 764/85/764 738/4/738 736/3/736 766/82/766
f 737/3/737 739/4/739 765/85/765 767/82/767
f 669/55/669 756/86/756 754/87/754 671/54/671
f 755/87/755 757/86/757 670/55/670 672/54/672
f 762/86/762 740/4/740 738/3/738 764/87/764
f 739/3/739 741/4/741 763/86/763 765/87/765
f 667/53/667 758/88/758 756/82/756 669/5/669
f 757/82/757 759/88/759 668/53/668 670/5/670
f 758/88/758 742/4/742 740/3/740 762/82/762
f 741/3/741 743/4/743 759/88/759 763/82/763
f 665/52/665 760/89/760 758/84/758 667/5/667
f 759/84/759 761/89/761 666/52/666 668/5/668
f 760/89/760 744/4/744 742/3/742 758/84/758
f 743/3/743 745/4/745 761/89/761 759/84/759
f 679/51/679 748/90/748 760/91/760 665/5/665
f 761/91/761 749/90/749 680/51/680 666/5/666
f 748/90/748 730/4/730 744/3/744 760/91/760
f 745/3/745 731/4/731 749/90/749 761/91/761
f 754/1/754 756/2/756 762/3/762 764/4/764
f 763/3/763 757/2/757 755/1/755 765/4/765
f 752/1/752 754/2/754 764/3/764 766/4/766
f 765/3/765 755/2/755 753/1/753 767/4/767
f 750/1/750 752/2/752 766/3/766
f 767/3/767 753/2/753 751/1/751
f 756/1/756 758/2/758 762/3/762
f 763/3/763 759/2/759 757/1/757
f 744/90/744 730/4/730 782/3/782 768/91/768
f 783/3/783 731/4/731 745/90/745 769/91/769
f 742/89/742 744/4/744 768/3/768 770/84/770
f 769/3/769 745/4/745 743/89/743 771/84/771
f 740/88/740 742/4/742 770/3/770 772/82/772
f 771/3/771 743/4/743 741/88/741 773/82/773
f 738/86/738 740/4/740 772/3/772 774/87/774
f 773/3/773 741/4/741 739/86/739 775/87/775
f 736/85/736 738/4/738 774/3/774 776/82/776
f 775/3/775 739/4/739 737/85/737 777/82/777
f 734/83/734 736/4/736 776/3/776 778/84/778
f 777/3/777 737/4/737 735/83/735 779/84/779
f 732/81/732 734/4/734 778/3/778 780/82/780
f 779/3/779 735/4/735 733/81/733 781/82/781
f 730/79/730 732/4/732 780/3/780 782/80/782
f 781/3/781 733/4/733 731/79/731 783/80/783
f 782/79/782 780/4/780 786/3/786 784/80/784
f 787/3/787 781/4/781 783/79/783 785/80/785
f 780/81/780 778/4/778 788/3/788 786/82/786
f 789/3/789 779/4/779 781/81/781 787/82/787
f 778/83/778 776/4/776 790/3/790 788/84/788
f 791/3/791 777/4/777 779/83/779 789/84/789
f 776/85/776 774/4/774 792/3/792 790/82/790
f 793/3/793 775/4/775 777/85/777 791/82/791
f 774/86/774 772/4/772 794/3/794 792/87/792
f 795/3/795 773/4/773 775/86/775 793/87/793
f 772/88/772 770/4/770 796/3/796 794/82/794
f 797/3/797 771/4/771 773/88/773 795/82/795
f 770/89/770 768/4/768 798/3/798 796/84/796
f 799/3/799 769/4/769 771/89/771 797/84/797
f 768/90/768 782/4/782 784/3/784 798/91/798
f 785/3/785 783/4/783 769/90/769 799/91/799
f 798/90/798 784/4/784 814/3/814 800/91/800
f 815/3/815 785/4/785 799/90/799 801/91/801
f 796/89/796 798/4/798 800/3/800 802/84/802
f 801/3/801 799/4/799 797/89/797 803/84/803
f 794/88/794 796/4/796 802/3/802 804/82/804
f 803/3/803 797/4/797 795/88/795 805/82/805
f 792/86/792 794/4/794 804/3/804 806/87/806
f 805/3/805 795/4/795 793/86/793 807/87/807
f 790/85/790 792/4/792 806/3/806 808/82/808
f 807/3/807 793/4/793 791/85/791 809/82/809
f 788/83/788 790/4/790 808/3/808 810/84/810
f 809/3/809 791/4/791 789/83/789 811/84/811
f 786/81/786 788/4/788 810/3/810 812/82/812
f 811/3/811 789/4/789 787/81/787 813/82/813
f 784/79/784 786/4/786 812/3/812 814/80/814
f 813/3/813 787/4/787 785/79/785 815/80/815
f 828/4/828 860/92/860 868/93/868 840/1/840
f 869/93/869 861/92/861 829/4/829 841/1/841
f 860/92/860 820/13/820 844/94/844 868/93/868
f 845/94/845 821/13/821 861/92/861 869/93/869
f 818/13/818 856/95/856 870/96/870 846/94/846
f 871/96/871 857/95/857 819/13/819 847/94/847
f 856/95/856 826/3/826 842/2/842 870/96/870
f 843/2/843 827/3/827 857/95/857 871/96/871
f 852/17/852 872/97/872 858/98/858 824/4/824
f 859/98/859 873/97/873 853/17/853 825/4/825
f 872/97/872 848/99/848 816/1/816 858/98/858
f 817/1/817 849/99/849 873/97/873 859/98/859
f 836/13/836 864/100/864 872/101/872 852/17/852
f 873/101/873 865/100/865 837/13/837 853/17/853
f 864/100/864 832/94/832 848/99/848 872/101/872
f 849/99/849 833/94/833 865/100/865 873/101/873
f 854/25/854 874/102/874 866/100/866 838/13/838
f 867/100/867 875/102/875 855/25/855 839/13/839
f 874/102/874 850/103/850 834/94/834 866/100/866
f 835/94/835 851/103/851 875/102/875 867/100/867
f 830/3/830 862/104/862 874/102/874 854/25/854
f 875/102/875 863/104/863 831/3/831 855/25/855
f 862/104/862 822/2/822 850/103/850 874/102/874
f 851/103/851 823/2/823 863/104/863 875/102/875
f 826/13/826 880/25/880 888/105/888 842/106/842
f 889/105/889 881/25/881 827/13/827 843/106/843
f 880/25/880 828/3/828 840/2/840 888/105/888
f 841/2/841 829/3/829 881/25/881 889/105/889
f 820/1/820 876/107/876 890/108/890 844/2/844
f 891/108/891 877/107/877 821/1/821 845/2/845
f 876/107/876 818/6/818 846/5/846 890/108/890
f 847/5/847 819/6/819 877/107/877 891/108/891
f 850/109/850 892/110/892 884/111/884 834/6/834
f 885/111/885 893/110/893 851/109/851 835/6/835
f 892/110/892 848/82/848 832/5/832 884/111/884
f 833/5/833 849/82/849 893/110/893 885/111/885
f 822/4/822 878/37/878 892/112/892 850/109/850
f 893/112/893 879/37/879 823/4/823 851/109/851
f 878/37/878 816/3/816 848/82/848 892/112/892
f 849/82/849 817/3/817 879/37/879 893/112/893
f 862/113/862 894/114/894 878/94/878 822/1/822
f 879/94/879 895/114/895 863/113/863 823/1/823
f 894/114/894 858/115/858 816/2/816 878/94/878
f 817/2/817 859/115/859 895/114/895 879/94/879
f 830/4/830 882/13/882 894/114/894 862/113/862
f 895/114/895 883/13/883 831/4/831 863/113/863
f 882/13/882 824/3/824 858/115/858 894/114/894
f 859/115/859 825/3/825 883/13/883 895/114/895
f 870/116/870 896/117/896 890/94/890 846/1/846
f 891/94/891 897/117/897 871/116/871 847/1/847
f 896/117/896 868/118/868 844/2/844 890/94/890
f 845/2/845 869/118/869 897/117/897 891/94/891
f 842/4/842 888/13/888 896/117/896 870/116/870
f 897/117/897 889/13/889 843/4/843 871/116/871
f 888/13/888 840/3/840 868/118/868 896/117/896
f 869/118/869 841/3/841 889/13/889 897/117/897
f 856/119/856 906/120/906 902/121/902 826/3/826
f 903/121/903 907/120/907 857/119/857 827/3/827
f 906/120/906 864/122/864 836/13/836 902/121/902
f 837/13/837 865/122/865 907/120/907 903/121/903
f 818/2/818 898/123/898 906/124/906 856/119/856
f 907/124/907 899/123/899 819/2/819 857/119/857
f 898/123/898 832/94/832 864/122/864 906/124/906
f 865/122/865 833/94/833 899/123/899 907/124/907
f 866/100/866 908/125/908 904/17/904 838/13/838
f 905/17/905 909/125/909 867/100/867 839/13/839
f 908/125/908 860/126/860 828/4/828 904/17/904
f 829/4/829 861/126/861 909/125/909 905/17/905
f 834/94/834 900/127/900 908/128/908 866/100/866
f 909/128/909 901/127/901 835/94/835 867/100/867
f 900/127/900 820/1/820 860/126/860 908/128/908
f 861/126/861 821/1/821 901/127/901 909/128/909
f 884/111/884 910/129/910 900/130/900 834/6/834
f 901/130/901 911/129/911 885/111/885 835/6/835
f 910/129/910 876/94/876 820/1/820 900/130/900
f 821/1/821 877/94/877 911/129/911 901/130/901
f 832/5/832 898/71/898 910/129/910 884/111/884
f 911/129/911 899/71/899 833/5/833 885/111/885
f 898/71/898 818/2/818 876/94/876 910/129/910
f 877/94/877 819/2/819 899/71/899 911/129/911
f 880/5/880 912/131/912 904/132/904 828/3/828
f 905/132/905 913/131/913 881/5/881 829/3/829
f 912/131/912 886/133/886 838/13/838 904/132/904
f 839/13/839 887/133/887 913/131/913 905/132/905
f 826/2/826 902/134/902 912/135/912 880/5/880
f 913/135/913 903/134/903 827/2/827 881/5/881
f 902/134/902 836/106/836 886/133/886 912/135/912
f 887/133/887 837/106/837 903/134/903 913/135/913
f 854/1/854 838/2/838 804/3/804 802/4/802
f 805/3/805 839/2/839 855/1/855 803/4/803
f 838/1/838 886/2/886 806/3/806 804/4/804
f 807/3/807 887/2/887 839/1/839 805/4/805
f 886/1/886 836/2/836 808/3/808 806/4/806
f 809/3/809 837/2/837 887/1/887 807/4/807
f 836/1/836 852/2/852 810/3/810 808/4/808
f 811/3/811 853/2/853 837/1/837 809/4/809
f 852/1/852 824/2/824 812/3/812 810/4/810
f 813/3/813 825/2/825 853/1/853 811/4/811
f 824/1/824 882/2/882 814/3/814 812/4/812
f 815/3/815 883/2/883 825/1/825 813/4/813
f 882/1/882 830/2/830 800/3/800 814/4/814
f 801/3/801 831/2/831 883/1/883 815/4/815
f 830/1/830 854/2/854 802/3/802 800/4/800
f 803/3/803 855/2/855 831/1/831 801/4/801
f 501/136/501 446/3/446 917/4/917 914/137/914
f 918/4/918 447/3/447 502/136/502 915/137/915
f 444/2/444 501/136/501 914/137/914 919/1/919
f 915/137/915 502/136/502 445/2/445 920/1/920
f 446/136/446 448/3/448 916/4/916 917/137/917
f 916/4/916 448/3/448 447/136/447 918/137/918
f 443/2/443 444/136/444 919/137/919 921/1/921
f 920/137/920 445/136/445 443/2/443 921/1/921
f 923/2/923 928/136/928 930/137/930 922/1/922
f 930/137/930 929/136/929 924/2/924 922/1/922
f 928/136/928 925/3/925 927/4/927 930/137/930
f 927/4/927 926/3/926 929/136/929 930/137/930
f 919/136/919 931/138/931 933/94/933 921/2/921
f 933/94/933 932/138/932 920/136/920 921/2/921
f 931/138/931 923/137/923 922/1/922 933/94/933
f 922/1/922 924/137/924 932/138/932 933/94/933
f 916/3/916 934/139/934 935/140/935 917/136/917
f 936/140/936 934/139/934 916/3/916 918/136/918
f 934/139/934 927/4/927 925/137/925 935/140/935
f 926/137/926 927/4/927 934/139/934 936/140/936
f 914/136/914 937/141/937 931/94/931 919/2/919
f 932/94/932 938/141/938 915/136/915 920/2/920
f 937/141/937 928/137/928 923/1/923 931/94/931
f 924/1/924 929/137/929 938/141/938 932/94/932
f 917/3/917 935/142/935 937/143/937 914/136/914
f 938/143/938 936/142/936 918/3/918 915/136/915
f 935/142/935 925/4/925 928/137/928 937/143/937
f 929/137/929 926/4/926 936/142/936 938/143/938
f 313/1/313 941/4/941 939/3/939 317/2/317
f 940/3/940 942/4/942 314/1/314 318/2/318
f 313/1/313 327/2/327 941/3/941
f 942/3/942 328/2/328 314/1/314
f 317/1/317 939/3/939 323/2/323
f 324/2/324 940/3/940 318/1/318
f 315/1/315 945/4/945 943/3/943 319/2/319
f 944/3/944 946/4/946 316/1/316 320/2/320
f 319/1/319 943/3/943 321/2/321
f 322/2/322 944/3/944 320/1/320
f 315/1/315 325/2/325 945/3/945
f 946/3/946 326/2/326 316/1/316
f 337/1/337 341/2/341 947/3/947 949/4/949
f 948/3/948 342/2/342 338/1/338 950/4/950
f 335/1/335 337/2/337 949/3/949
f 950/3/950 338/2/338 336/1/336
f 331/1/331 947/3/947 341/2/341
f 342/2/342 948/3/948 332/1/332
f 339/1/339 343/2/343 951/3/951 953/4/953
f 952/3/952 344/2/344 340/1/340 954/4/954
f 333/1/333 339/2/339 953/3/953
f 954/3/954 340/2/340 334/1/334
f 329/1/329 951/3/951 343/2/343
f 344/2/344 952/3/952 330/1/330
f 955/5/955 365/3/365 361/4/361 957/6/957
f 362/4/362 366/3/366 956/5/956 958/6/958
f 355/1/355 365/2/365 955/3/955
f 956/3/956 366/2/366 356/1/356
f 359/1/359 957/3/957 361/2/361
f 362/2/362 958/3/958 360/1/360
f 367/2/367 959/27/959 961/107/961 363/1/363
f 962/107/962 960/27/960 368/2/368 364/1/364
f 959/27/959 955/5/955 957/6/957 961/107/961
f 958/6/958 956/5/956 960/27/960 962/107/962
f 363/2/363 961/5/961 357/6/357
f 358/6/358 962/5/962 364/2/364
f 961/5/961 957/3/957 359/4/359 357/6/357
f 360/4/360 958/3/958 962/5/962 358/6/358
f 353/1/353 959/144/959 367/2/367
f 368/2/368 960/144/960 354/1/354
f 353/6/353 355/4/355 955/3/955 959/144/959
f 956/3/956 356/4/356 354/6/354 960/144/960
f 357/5/357 359/3/359 355/4/355 353/6/353
f 356/4/356 360/3/360 358/5/358 354/6/354
f 393/2/393 395/56/395 963/6/963 391/1/391
f 964/6/964 396/56/396 394/2/394 392/1/392
f 395/56/395 389/4/389 963/6/963
f 964/6/964 390/4/390 396/56/396
f 399/2/399 965/145/965 385/1/385
f 386/1/386 966/145/966 400/2/400
f 399/146/399 397/3/397 387/4/387 965/145/965
f 388/4/388 398/3/398 400/146/400 966/145/966
f 395/5/395 393/3/393 397/4/397 399/147/399
f 398/4/398 394/3/394 396/5/396 400/147/400
f 385/2/385 965/5/965 963/148/963 389/1/389
f 964/148/964 966/5/966 386/2/386 390/1/390
f 965/5/965 387/3/387 391/4/391 963/148/963
f 392/4/392 388/3/388 966/5/966 964/148/964
f 381/2/381 393/5/393 969/149/969 379/1/379
f 970/149/970 394/5/394 382/2/382 380/1/380
f 393/5/393 391/4/391 969/149/969
f 970/149/970 392/4/392 394/5/394
f 397/2/397 967/150/967 387/1/387
f 388/1/388 968/150/968 398/2/398
f 397/5/397 383/3/383 377/4/377 967/150/967
f 378/4/378 384/3/384 398/5/398 968/150/968
f 393/54/393 381/3/381 383/4/383 397/151/397
f 384/4/384 382/3/382 394/54/394 398/151/398
f 387/2/387 967/56/967 969/6/969 391/1/391
f 970/6/970 968/56/968 388/2/388 392/1/392
f 967/56/967 377/3/377 379/4/379 969/6/969
f 380/4/380 378/3/378 968/56/968 970/6/970
f 53/2/53 976/152/976 978/6/978 39/1/39
f 976/152/976 37/3/37 23/4/23 978/6/978
f 39/2/39 978/153/978 977/154/977 41/1/41
f 978/153/978 23/3/23 25/4/25 977/154/977
f 51/2/51 975/155/975 976/156/976 53/1/53
f 975/155/975 35/3/35 37/4/37 976/156/976
f 49/2/49 973/5/973 975/157/975 51/1/51
f 973/5/973 33/3/33 35/4/35 975/157/975
f 41/2/41 977/158/977 974/159/974 43/1/43
f 977/158/977 25/3/25 27/4/27 974/159/974
f 45/2/45 972/160/972 971/6/971 47/1/47
f 972/160/972 29/3/29 31/4/31 971/6/971
f 47/2/47 971/161/971 973/6/973 49/1/49
f 971/161/971 31/3/31 33/4/33 973/6/973
f 43/2/43 974/160/974 972/162/972 45/1/45
f 974/160/974 27/3/27 29/4/29 972/162/972
f 38/3/38 984/152/984 986/6/986 24/4/24
f 984/152/984 54/2/54 40/1/40 986/6/986
f 24/3/24 986/153/986 985/154/985 26/4/26
f 986/153/986 40/2/40 42/1/42 985/154/985
f 36/3/36 983/155/983 984/156/984 38/4/38
f 983/155/983 52/2/52 54/1/54 984/156/984
f 34/3/34 981/5/981 983/157/983 36/4/36
f 981/5/981 50/2/50 52/1/52 983/157/983
f 26/3/26 985/158/985 982/159/982 28/4/28
f 985/158/985 42/2/42 44/1/44 982/159/982
f 30/3/30 980/160/980 979/6/979 32/4/32
f 980/160/980 46/2/46 48/1/48 979/6/979
f 32/3/32 979/161/979 981/6/981 34/4/34
f 979/161/979 48/2/48 50/1/50 981/6/981
f 28/3/28 982/160/982 980/162/980 30/4/30
f 982/160/982 44/2/44 46/1/46 980/162/980
